miRNA,mirnaSeq
hsa-let-7a-1,UGAGGUAGUAGGUUGUAUAGUU
hsa-let-7a-2,UGAGGUAGUAGGUUGUAUAGUU
hsa-let-7a-3,UGAGGUAGUAGGUUGUAUAGUU
hsa-let-7b,UGAGGUAGUAGGUUGUGUGGUU
hsa-let-7c,UGAGGUAGUAGGUUGUAUGGUU
hsa-let-7d,AGAGGUAGUAGGUUGCAUAGUU
hsa-let-7e,UGAGGUAGGAGGUUGUAUAGUU
hsa-let-7f-1,UGAGGUAGUAGAUUGUAUAGUU
hsa-let-7g,UGAGGUAGUAGUUUGUACAGUU
hsa-let-7i,UGAGGUAGUAGUUUGUGCUGUU
hsa-mir-1-1,ACAUACUUCUUUAUAUGCCCAU
hsa-mir-1-2,UGGAAUGUAAAGAAGUAUGUAU
hsa-mir-100,AACCCGUAGAUCCGAACUUGUG
hsa-mir-101-1,CAGUUAUCACAGUGCUGAUGCU
hsa-mir-101-2,UCGGUUAUCAUGGUACCGAUGC
hsa-mir-103a-1,GGCUUCUUUACAGUGCUGCCUUG
hsa-mir-103a-2,AGCUUCUUUACAGUGCUGCCUUG
hsa-mir-106a,AAAAGUGCUUACAGUGCAGGUAG
hsa-mir-106b,UAAAGUGCUGACAGUGCAGAU
hsa-mir-107,AGCAGCAUUGUACAGGGCUAUCA
hsa-mir-10a,UACCCUGUAGAUCCGAAUUUGUG
hsa-mir-10b,UACCCUGUAGAACCGAAUUUGUG
hsa-mir-1179,AAGCAUUCUUUCAUUGGUUGG
hsa-mir-1180,GGACCCACCCGGCCGGGAAUA
hsa-mir-1181,CCGUCGCCGCCACCCGAGCCG
hsa-mir-1183,CACUGUAGGUGAUGGUGAGAGUGGGCA
hsa-mir-1184-1,CCUGCAGCGACUUGAUGGCUUCC
hsa-mir-1202,GUGCCAGCUGCAGUGGGGGAG
hsa-mir-1207,UGGCAGGGAGGCUGGGAGGGG
hsa-mir-122,UGGAGUGUGACAAUGGUGUUUG
hsa-mir-1224,GUGAGGACUCGGGAGGUGG
hsa-mir-1226,GUGAGGGCAUGCAGGCCUGGAUGGGG
hsa-mir-1227,GUGGGGCCAGGCGGUGG
hsa-mir-1228,GUGGGCGGGGGCAGGUGUGUG
hsa-mir-1229,GUGGGUAGGGUUUGGGGGAGAGCG
hsa-mir-1231,GUGUCUGGGCGGACAGCUGC
hsa-mir-1233-1,AGUGGGAGGCCAGGGCACGGCA
hsa-mir-1233-2,AGUGGGAGGCCAGGGCACGGCA
hsa-mir-1234,UCGGCCUGACCACCCACCCCAC
hsa-mir-1236,UGAGUGACAGGGGAAAUGGGGA
hsa-mir-124-1,CGUGUUCACAGCGGACCUUGAU
hsa-mir-124-2,CGUGUUCACAGCGGACCUUGAU
hsa-mir-124-3,CGUGUUCACAGCGGACCUUGAU
hsa-mir-1245a,AAGUGAUCUAAAGGCCUACAU
hsa-mir-1245b,UAGGCCUUUAGAUCACUUAAA
hsa-mir-1246,AAUGGAUUUUUGGAGCAGG
hsa-mir-1247,ACCCGUCCCGUUCGUCCCCGGA
hsa-mir-1249,AGGAGGGAGGAGAUGGGCCAAGUU
hsa-mir-1254-1,agccuggaagcuggagccugcagu
hsa-mir-1256,AGGCAUUGACUUCUCACUAGCU
hsa-mir-1258,AGUUAGGAUUAGGUCGUGGAA
hsa-mir-125a,UCCCUGAGACCCUUUAACCUGUGA
hsa-mir-125b-1,UCCCUGAGACCCUAACUUGUGA
hsa-mir-125b-2,UCCCUGAGACCCUAACUUGUGA
hsa-mir-126,CAUUAUUACUUUUGGUACGCG
hsa-mir-1260a,AUCCCACCUCUGCCACCA
hsa-mir-1266,CCUCAGGGCUGUAGAACAGGGCU
hsa-mir-127,CUGAAGCUCAGAGGGCUCUGAU
hsa-mir-1271,CUUGGCACCUAGCAAGCACUCA
hsa-mir-1273a,gggcgacaaagcaagacucuuucuu
hsa-mir-1273c,GGCGACAAAACGAGACCCUGUC
hsa-mir-1273d,gaacccaugagguugaggcugcagu
hsa-mir-1273e,uugcuugaacccaggaagugga
hsa-mir-1273f,ggagauggagguugcagug
hsa-mir-1273g,ggugguugaggcugcaguaagu
hsa-mir-1275,GUGGGGGAGAGGCUGUC
hsa-mir-128-1,CGGGGCCGUAGCACUGUCUGAGA
hsa-mir-128-2,GGGGGCCGAUACACUGUACGAGA
hsa-mir-1285-1,GAUCUCACUUUGUUGCCCAGG
hsa-mir-1285-2,UCUGGGCAACAAAGUGAGACCU
hsa-mir-1286,UGCAGGACCAAGAUGAGCCCU
hsa-mir-129-1,CUUUUUGCGGUCUGGGCUUGC
hsa-mir-129-2,CUUUUUGCGGUCUGGGCUUGC
hsa-mir-1290,UGGAUUUUUGGAUCAGGGA
hsa-mir-1293,UGGGUGGUCUGGAGAUUUGUGC
hsa-mir-1296,UUAGGGCCCUGGCUCCAUCUCC
hsa-mir-1299,UUCUGGAAUUCUGUGUGAGGGA
hsa-mir-1301,CGCUCUAGGCACCGCAGCA
hsa-mir-1302-1,UUGGGACAUACUUAUGCUAAA
hsa-mir-1302-2,UUGGGACAUACUUAUGCUAAA
hsa-mir-1302-3,UUGGGACAUACUUAUGCUAAA
hsa-mir-1302-4,UUGGGACAUACUUAUGCUAAA
hsa-mir-1302-5,UUGGGACAUACUUAUGCUAAA
hsa-mir-1302-6,UUGGGACAUACUUAUGCUAAA
hsa-mir-1302-7,UUGGGACAUACUUAUGCUAAA
hsa-mir-1302-8,UUGGGACAUACUUAUGCUAAA
hsa-mir-1302-9,UUGGGACAUACUUAUGCUAAA
hsa-mir-1302-10,UUGGGACAUACUUAUGCUAAA
hsa-mir-1302-11,UUGGGACAUACUUAUGCUAAA
hsa-mir-1303,UUUAGAGACGGGGUCUUGCUCU
hsa-mir-1305,UUUUCAACUCUAAUGGGAGAGA
hsa-mir-1307,UCGACCGGACCUCGACCGGCU
hsa-mir-130a,GCUCUUUUCACAUUGUGCUACU
hsa-mir-130b,ACUCUUUCCCUGUUGCACUAC
hsa-mir-132,ACCGUGGCUUUCGAUUGUUACU
hsa-mir-1322,GAUGAUGCUGCUGAUGCUG
hsa-mir-1323,UCAAAACUGAGGGGCAUUUUCU
hsa-mir-133a-1,AGCUGGUAAAAUGGAACCAAAU
hsa-mir-133a-2,AGCUGGUAAAAUGGAACCAAAU
hsa-mir-133b,UUUGGUCCCCUUCAACCAGCUA
hsa-mir-134,UGUGACUGGUUGACCAGAGGGG
hsa-mir-135a-1,UAUGGCUUUUUAUUCCUAUGUGA
hsa-mir-135b,UAUGGCUUUUCAUUCCUAUGUGA
hsa-mir-136,ACUCCAUUUGUUUUGAUGAUGGA
hsa-mir-137,ACGGGUAUUCUUGGGUGGAUAAU
hsa-mir-138-1,AGCUGGUGUUGUGAAUCAGGCCG
hsa-mir-138-2,AGCUGGUGUUGUGAAUCAGGCCG
hsa-mir-139,UCUACAGUGCACGUGUCUCCAGU
hsa-mir-140,CAGUGGUUUUACCCUAUGGUAG
hsa-mir-141,CAUCUUCCAGUACAGUGUUGGA
hsa-mir-142,CAUAAAGUAGAAAGCACUACU
hsa-mir-143,GGUGCAGUGCUGCAUCUCUGGU
hsa-mir-144,GGAUAUCAUCAUAUACUGUAAG
hsa-mir-145,GUCCAGUUUUCCCAGGAAUCCCU
hsa-mir-146a,UGAGAACUGAAUUCCAUGGGUU
hsa-mir-1469,CUCGGCGCGGGGCGCGGGCUCC
hsa-mir-146b,UGAGAACUGAAUUCCAUAGGCUG
hsa-mir-147a,GUGUGUGGAAAUGCUUCUGC
hsa-mir-147b,UGGAAACAUUUCUGCACAAACU
hsa-mir-148a,AAAGUUCUGAGACACUCCGACU
hsa-mir-148b,AAGUUCUGUUAUACACUCAGGC
hsa-mir-149,UCUGGCUCCGUGUCUUCACUCCC
hsa-mir-15a,UAGCAGCACAUAAUGGUUUGUG
hsa-mir-150,UCUCCCAACCCUUGUACCAGUG
hsa-mir-151a,UCGAGGAGCUCACAGUCUAGU
hsa-mir-152,AGGUUCUGUGAUACACUCCGACU
hsa-mir-153-1,UUGCAUAGUCACAAAAGUGAUC
hsa-mir-153-2,UCAUUUUUGUGAUGUUGCAGCU
hsa-mir-154,UAGGUUAUCCGUGUUGCCUUCG
hsa-mir-155,UUAAUGCUAAUCGUGAUAGGGGUU
hsa-mir-15b,UAGCAGCACAUCAUGGUUUACA
hsa-mir-16-1,UAGCAGCACGUAAAUAUUGGCG
hsa-mir-16-2,UAGCAGCACGUAAAUAUUGGCG
hsa-mir-17,CAAAGUGCUUACAGUGCAGGUAG
hsa-mir-18a,UAAGGUGCAUCUAGUGCAGAUAG
hsa-mir-181a-1,AACAUUCAACGCUGUCGGUGAGU
hsa-mir-181a-2,AACAUUCAACGCUGUCGGUGAGU
hsa-mir-181b-1,AACAUUCAUUGCUGUCGGUGGGU
hsa-mir-181b-2,AACAUUCAUUGCUGUCGGUGGGU
hsa-mir-181c,AACAUUCAACCUGUCGGUGAGU
hsa-mir-181d,AACAUUCAUUGUUGUCGGUGGGU
hsa-mir-182,UUUGGCAAUGGUAGAACUCACACU
hsa-mir-1827,UGAGGCAGUAGAUUGAAU
hsa-mir-183,UAUGGCACUGGUAGAAUUCACU
hsa-mir-184,UGGACGGAGAACUGAUAAGGGU
hsa-mir-185,UGGAGAGAAAGGCAGUUCCUGA
hsa-mir-186,CAAAGAAUUCUCCUUUUGGGCU
hsa-mir-187,GGCUACAACACAGGACCCGGGC
hsa-mir-188,CAUCCCUUGCAUGGUGGAGGG
hsa-mir-24-1,UGCCUACUGAGCUGAUAUCAGU
hsa-mir-18b,UAAGGUGCAUCUAGUGCAGUUAG
hsa-mir-190a,UGAUAUGUUUGAUAUAUUAGGU
hsa-mir-1909,UGAGUGCCGGUGCCUGCCCUG
hsa-mir-191,CAACGGAAUCCCAAAAGCAGCUG
hsa-mir-1915,ACCUUGCCUUGCUGCCCGGGCC
hsa-mir-192,CUGACCUAUGAAUUGACAGCC
hsa-mir-193a,UGGGUCUUUGCGGGCGAGAUGA
hsa-mir-193b,CGGGGUUUUGAGGGCGAGAUGA
hsa-mir-194-1,UGUAACAGCAACUCCAUGUGGA
hsa-mir-194-2,UGUAACAGCAACUCCAUGUGGA
hsa-mir-195,UAGCAGCACAGAAAUAUUGGC
hsa-mir-196a-1,UAGGUAGUUUCAUGUUGUUGGG
hsa-mir-196a-2,UAGGUAGUUUCAUGUUGUUGGG
hsa-mir-196b,UAGGUAGUUUCCUGUUGUUGGG
hsa-mir-197,CGGGUAGAGAGGGCAGUGGGAGG
hsa-mir-1972-1,UCAGGCCAGGCACAGUGGCUCA
hsa-mir-1972-2,UCAGGCCAGGCACAGUGGCUCA
hsa-mir-198,GGUCCAGAGGGGAGAUAGGUUC
hsa-mir-199a-1,CCCAGUGUUCAGACUACCUGUUC
hsa-mir-199a-2,CCCAGUGUUCAGACUACCUGUUC
hsa-mir-199b,CCCAGUGUUUAGACUAUCUGUUC
hsa-mir-19a,AGUUUUGCAUAGUUGCACUACA
hsa-mir-19b-1,AGUUUUGCAGGUUUGCAUCCAGC
hsa-mir-19b-2,AGUUUUGCAGGUUUGCAUUUCA
hsa-mir-20a,UAAAGUGCUUAUAGUGCAGGUAG
hsa-mir-200a,CAUCUUACCGGACAGUGCUGGA
hsa-mir-200b,CAUCUUACUGGGCAGCAUUGGA
hsa-mir-200c,CGUCUUACCCAGCAGUGUUUGG
hsa-mir-202,UUCCUAUGCAUAUACUUCUUUG
hsa-mir-203a,AGUGGUUCUUAACAGUUCAACAGUU
hsa-mir-204,UUCCCUUUGUCAUCCUAUGCCU
hsa-mir-205,UCCUUCAUUCCACCGGAGUCUG
hsa-mir-206,UGGAAUGUAAGGAAGUGUGUGG
hsa-mir-208a,GAGCUUUUGGCCCGGGUUAUAC
hsa-mir-208b,AAGCUUUUUGCUCGAAUUAUGU
hsa-mir-20b,CAAAGUGCUCAUAGUGCAGGUAG
hsa-mir-21,UAGCUUAUCAGACUGAUGUUGA
hsa-mir-210,AGCCCCUGCCCACCGCACACUG
hsa-mir-211,UUCCCUUUGUCAUCCUUCGCCU
hsa-mir-2110,UUGGGGAAACGGCCGCUGAGUG
hsa-mir-212,ACCUUGGCUCUAGACUGCUUACU
hsa-mir-214,UGCCUGUCUACACUUGCUGUGC
hsa-mir-215,AUGACCUAUGAAUUGACAGAC
hsa-mir-216a,UAAUCUCAGCUGGCAACUGUGA
hsa-mir-216b,AAAUCUCUGCAGGCAAAUGUGA
hsa-mir-217,UACUGCAUCAGGAACUGAUUGGA
hsa-mir-218-1,UUGUGCUUGAUCUAACCAUGU
hsa-mir-218-2,UUGUGCUUGAUCUAACCAUGU
hsa-mir-219-1,ugauuguccaaacgcaauucu
hsa-mir-219-2,ugauuguccaaacgcaauucu
hsa-mir-22,AGUUCUUCAGUGGCAAGCUUUA
hsa-mir-221,ACCUGGCAUACAAUGUAGAUUU
hsa-mir-222,CUCAGUAGCCAGUGUAGAUCCU
hsa-mir-223,CGUGUAUUUGACAAGCUGAGUU
hsa-mir-224,UCAAGUCACUAGUGGUUCCGUUUAG
hsa-mir-2355,AUCCCCAGAUACAAUGGACAA
hsa-mir-23a,GGGGUUCCUGGGGAUGGGAUUU
hsa-mir-23b,UGGGUUCCUGGCAUGCUGAUUU
hsa-mir-24-2,UGCCUACUGAGCUGAAACACAG
hsa-mir-25,AGGCGGAGACUUGGGCAAUUG
hsa-mir-26a-1,UUCAAGUAAUCCAGGAUAGGCU
hsa-mir-26a-2,UUCAAGUAAUCCAGGAUAGGCU
hsa-mir-26b,UUCAAGUAAUUCAGGAUAGGU
hsa-mir-27a,AGGGCUUAGCUGCUUGUGAGCA
hsa-mir-27b,AGAGCUUAGCUGAUUGGUGAAC
hsa-mir-28,AAGGAGCUCACAGUCUAUUGAG
hsa-mir-2861,GGGGCCUGGCGGUGGGCGG
hsa-mir-29a,ACUGAUUUCUUUUGGUGUUCAG
hsa-mir-296,AGGGCCCCCCCUCAAUCCUGU
hsa-mir-297,AUGUAUGUGUGCAUGUGCAUG
hsa-mir-298,AGCAGAAGCAGGGAGGUUCUCCCA
hsa-mir-299,UGGUUUACCGUCCCACAUACAU
hsa-mir-29b-1,GCUGGUUUCAUAUGGUGGUUUAGA
hsa-mir-29b-2,CUGGUUUCACAUGGUGGCUUAG
hsa-mir-29c,UGACCGAUUUCUCCUGGUGUUC
hsa-mir-300,UAUACAAGGGCAGACUCUCUCU
hsa-mir-301a,GCUCUGACUUUAUUGCACUACU
hsa-mir-301b,GCUCUGACGAGGUUGCACUACU
hsa-mir-302a,ACUUAAACGUGGAUGUACUUGCU
hsa-mir-302b,ACUUUAACAUGGAAGUGCUUUC
hsa-mir-302c,UUUAACAUGGGGGUACCUGCUG
hsa-mir-302d,ACUUUAACAUGGAGGCACUUGC
hsa-mir-302e,UAAGUGCUUCCAUGCUU
hsa-mir-302f,UAAUUGCUUCCAUGUUU
hsa-mir-30a,UGUAAACAUCCUCGACUGGAAG
hsa-mir-30b,UGUAAACAUCCUACACUCAGCU
hsa-mir-30c-1,UGUAAACAUCCUACACUCUCAGC
hsa-mir-30c-2,UGUAAACAUCCUACACUCUCAGC
hsa-mir-30d,UGUAAACAUCCCCGACUGGAAG
hsa-mir-30e,UGUAAACAUCCUUGACUGGAAG
hsa-mir-31,AGGCAAGAUGCUGGCAUAGCU
hsa-mir-3151,GGUGGGGCAAUGGGAUCAGGU
hsa-mir-3163,UAUAAAAUGAGGGCAGUAAGAC
hsa-mir-3179-1,AGAAGGGGUGAAAUUUAAACGU
hsa-mir-3179-2,AGAAGGGGUGAAAUUUAAACGU
hsa-mir-3179-3,AGAAGGGGUGAAAUUUAAACGU
hsa-mir-3186,CAGGCGUCUGUCUACGUGGCUU
hsa-mir-3196,CGGGGCGGCAGGGGCCUC
hsa-mir-32,UAUUGCACAUUACUAAGUUGCA
hsa-mir-320a,GCCUUCUCUUCCCGGUUCUUCC
hsa-mir-320b-1,AAAAGCUGGGUUGAGAGGGCAA
hsa-mir-320b-2,AAAAGCUGGGUUGAGAGGGCAA
hsa-mir-320c-1,AAAAGCUGGGUUGAGAGGGU
hsa-mir-320c-2,AAAAGCUGGGUUGAGAGGGU
hsa-mir-320d-1,AAAAGCUGGGUUGAGAGGA
hsa-mir-320d-2,AAAAGCUGGGUUGAGAGGA
hsa-mir-320e,AAAGCUGGGUUGAGAAGG
hsa-mir-323a,AGGUGGUCCGUGGCGCGUUCGC
hsa-mir-323b,AGGUUGUCCGUGGUGAGUUCGCA
hsa-mir-324,CGCAUCCCCUAGGGCAUUGGUG
hsa-mir-325,CCUAGUAGGUGUCCAGUAAGUGU
hsa-mir-326,CCUCUGGGCCCUUCCUCCAG
hsa-mir-328,GGGGGGGCAGGAGGGGCUCAGGG
hsa-mir-329-1,GAGGUUUUCUGGGUUUCUGUUUC
hsa-mir-329-2,GAGGUUUUCUGGGUUUCUGUUUC
hsa-mir-33a,GUGCAUUGUAGUUGCAUUGCA
hsa-mir-330,UCUCUGGGCCUGUGUCUUAGGC
hsa-mir-331,CUAGGUAUGGUCCCAGGGAUCC
hsa-mir-335,UCAAGAGCAAUAACGAAAAAUGU
hsa-mir-337,GAACGGCUUCAUACAGGAGUU
hsa-mir-338,AACAAUAUCCUGGUGCUGAGUG
hsa-mir-339,UCCCUGUCCUCCAGGAGCUCACG
hsa-mir-33b,GUGCAUUGCUGUUGCAUUGC
hsa-mir-34a,UGGCAGUGUCUUAGCUGGUUGU
hsa-mir-340,UUAUAAAGCAAUGAGACUGAUU
hsa-mir-342,AGGGGUGCUAUCUGUGAUUGA
hsa-mir-345,GCUGACUCCUAGUCCAGGGCUC
hsa-mir-346,UGUCUGCCCGCAUGCCUGCCUCU
hsa-mir-34b,UAGGCAGUGUCAUUAGCUGAUUG
hsa-mir-34c,AGGCAGUGUAGUUAGCUGAUUGC
hsa-mir-361,UUAUCAGAAUCUCCAGGGGUAC
hsa-mir-362,AAUCCUUGGAACCUAGGUGUGAGU
hsa-mir-363,CGGGUGGAUCACGAUGCAAUUU
hsa-mir-365a,AGGGACUUUUGGGGGCAGAUGUG
hsa-mir-367,ACUGUUGCUAAUAUGCAACUCU
hsa-mir-369,AGAUCGACCGUGUUAUAUUCGC
hsa-mir-370,CAGGUCACGUCUCUGCAGUUAC
hsa-mir-371a,ACUCAAACUGUGGGGGCACU
hsa-mir-372,CCUCAAAUGUGGAGCACUAUUCU
hsa-mir-373,ACUCAAAAUGGGGGCGCUUUCC
hsa-mir-374a,UUAUAAUACAACCUGAUAAGUG
hsa-mir-374b,AUAUAAUACAACCUGCUAAGUG
hsa-mir-375,GCGACGAGCCCCUCGCACAAACC
hsa-mir-376a-1,GUAGAUUCUCCUUCUAUGAGUA
hsa-mir-376a-2,GGUAGAUUUUCCUUCUAUGGU
hsa-mir-376b,CGUGGAUAUUCCUUCUAUGUUU
hsa-mir-376c,GGUGGAUAUUCCUUCUAUGUU
hsa-mir-377,AGAGGUUGCCCUUGGUGAAUUC
hsa-mir-378a,CUCCUGACUCCAGGUCCUGUGU
hsa-mir-379,UGGUAGACUAUGGAACGUAGG
hsa-mir-380,UGGUUGACCAUAGAACAUGCGC
hsa-mir-381,AGCGAGGUUGCCCUUUGUAUAU
hsa-mir-382,GAAGUUGUUCGUGGUGGAUUCG
hsa-mir-383,AGAUCAGAAGGUGAUUGUGGCU
hsa-mir-384,AUUCCUAGAAAUUGUUCAUA
hsa-mir-409,AGGUUACCCGAGCAACUUUGCAU
hsa-mir-410,AGGUUGUCUGUGAUGAGUUCG
hsa-mir-411,UAGUAGACCGUAUAGCGUACG
hsa-mir-412,UGGUCGACCAGUUGGAAAGUAAU
hsa-mir-421,AUCAACAGACAUUAAUUGGGCGC
hsa-mir-422a,ACUGGACUUAGGGUCAGAAGGC
hsa-mir-423,UGAGGGGCAGAGAGCGAGACUUU
hsa-mir-424,CAGCAGCAAUUCAUGUUUUGAA
hsa-mir-425,AAUGACACGAUCACUCCCGUUGA
hsa-mir-4257,CCAGAGGUGGGGACUGAG
hsa-mir-429,UAAUACUGUCUGGUAAAACCGU
hsa-mir-4306,UGGAGAGAAAGGCAGUA
hsa-mir-431,UGUCUUGCAGGCCGUCAUGCA
hsa-mir-432,UCUUGGAGUAGGUCAUUGGGUGG
hsa-mir-433,UACGGUGAGCCUGUCAUUAUUC
hsa-mir-448,UUGCAUAUGUAGGAUGUCCCAU
hsa-mir-449a,UGGCAGUGUAUUGUUAGCUGGU
hsa-mir-449b,AGGCAGUGUAUUGUUAGCUGGC
hsa-mir-449c,UAGGCAGUGUAUUGCUAGCGGCUGU
hsa-mir-450a-1,UUUUGCGAUGUGUUCCUAAUAU
hsa-mir-450a-2,UUUUGCGAUGUGUUCCUAAUAU
hsa-mir-450b,UUUUGCAAUAUGUUCCUGAAUA
hsa-mir-451a,AAACCGUUACCAUUACUGAGUU
hsa-mir-452,AACUGUUUGCAGAGGAAACUGA
hsa-mir-454,ACCCUAUCAAUAUUGUCUCUGC
hsa-mir-455,UAUGUGCCUUUGGACUACAUCG
hsa-mir-4792,cggugagcgcucgcuggc
hsa-mir-483,AAGACGGGAGGAAAGAAGGGAG
hsa-mir-484,UCAGGCUCAGUCCCCUCCCGAU
hsa-mir-485,AGAGGCUGGCCGUGAUGAAUUC
hsa-mir-486,uccuguacugagcugccccgag
hsa-mir-487a,GUGGUUAUCCCUGCUGUGUUCG
hsa-mir-487b,GUGGUUAUCCCUGUCCUGUUCG
hsa-mir-488,CCCAGAUAAUGGCACUCUCAA
hsa-mir-489,GGUCGUAUGUGUGACGCCAUUU
hsa-mir-490,CCAUGGAUCUCCAGGUGGGU
hsa-mir-491,AGUGGGGAACCCUUCCAUGAGG
hsa-mir-492,AGGACCUGCGGGACAAGAUUCUU
hsa-mir-493,UUGUACAUGGUAGGCUUUCAUU
hsa-mir-494,AGGUUGUCCGUGUUGUCUUCUCU
hsa-mir-495,GAAGUUGCCCAUGUUAUUUUCG
hsa-mir-496,UGAGUAUUACAUGGCCAAUCUC
hsa-mir-497,CAGCAGCACACUGUGGUUUGU
hsa-mir-498,UUUCAAGCCAGGGGGCGUUUUUC
hsa-mir-499a,UUAAGACUUGCAGUGAUGUUU
hsa-mir-500a,UAAUCCUUGCUACCUGGGUGAGA
hsa-mir-501,AAUCCUUUGUCCCUGGGUGAGA
hsa-mir-502,AUCCUUGCUAUCUGGGUGCUA
hsa-mir-503,UAGCAGCGGGAACAGUUCUGCAG
hsa-mir-504,AGACCCUGGUCUGCACUCUAUC
hsa-mir-505,GGGAGCCAGGAAGUAUUGAUGU
hsa-mir-506,UAUUCAGGAAGGUGUUACUUAA
hsa-mir-507,UUUUGCACCUUUUGGAGUGAA
hsa-mir-508,UACUCCAGAGGGCGUCACUCAUG
hsa-mir-509-1,UACUGCAGACAGUGGCAAUCA
hsa-mir-510,UACUCAGGAGAGUGGCAAUCAC
hsa-mir-511-1,gugucuuuugcucugcaguca
hsa-mir-511-2,gugucuuuugcucugcaguca
hsa-mir-512-1,CACUCAGCCUUGAGGGCACUUUC
hsa-mir-512-2,CACUCAGCCUUGAGGGCACUUUC
hsa-mir-513a-1,UUCACAGGGAGGUGUCAU
hsa-mir-513a-2,UUCACAGGGAGGUGUCAU
hsa-mir-513b,UUCACAAGGAGGUGUCAUUUAU
hsa-mir-513c,UUCUCAAGGAGGUGUCGUUUAU
hsa-mir-514a-1,UACUCUGGAGAGUGACAAUCAUG
hsa-mir-514a-2,UACUCUGGAGAGUGACAAUCAUG
hsa-mir-515-1,UUCUCCAAAAGAAAGCACUUUCUG
hsa-mir-515-2,UUCUCCAAAAGAAAGCACUUUCUG
hsa-mir-516a-1,UUCUCGAGGAAAGAAGCACUUUC
hsa-mir-516a-2,UUCUCGAGGAAAGAAGCACUUUC
hsa-mir-516b-1,AUCUGGAGGUAAGAAGCACUUU
hsa-mir-516b-2,AUCUGGAGGUAAGAAGCACUUU
hsa-mir-517a,CCUCUAGAUGGAAGCACUGUCU
hsa-mir-517b,CCUCUAGAUGGAAGCACUGUCU
hsa-mir-517c,CCUCUAGAUGGAAGCACUGUCU
hsa-mir-518a-1,CUGCAAAGGGAAGCCCUUUC
hsa-mir-518a-2,CUGCAAAGGGAAGCCCUUUC
hsa-mir-518c,UCUCUGGAGGGAAGCACUUUCUG
hsa-mir-518d,CUCUAGAGGGAAGCACUUUCUG
hsa-mir-518e,CUCUAGAGGGAAGCGCUUUCUG
hsa-mir-518f,CUCUAGAGGGAAGCACUUUCUC
hsa-mir-519a-1,CUCUAGAGGGAAGCGCUUUCUG
hsa-mir-519a-2,CCUCUACAGGGAAGCGCUUUC
hsa-mir-519b,CUCUAGAGGGAAGCGCUUUCUG
hsa-mir-519c,CUCUAGAGGGAAGCGCUUUCUG
hsa-mir-519d,CCUCCAAAGGGAAGCGCUUUCUGUU
hsa-mir-519e,UUCUCCAAAAGGGAGCACUUUC
hsa-mir-520a,CUCCAGAGGGAAGUACUUUCU
hsa-mir-520b,CCUCUACAGGGAAGCGCUUUC
hsa-mir-520c,CUCUAGAGGGAAGCACUUUCUG
hsa-mir-520d,CUACAAAGGGAAGCCCUUUC
hsa-mir-520e,CUCAAGAUGGAAGCAGUUUCUG
hsa-mir-520f,CCUCUAAAGGGAAGCGCUUUCU
hsa-mir-520g,UCUAGAGGAAGCACUUUCUGUUU
hsa-mir-520h,ACAAAGUGCUUCCCUUUAGAGU
hsa-mir-521-1,AACGCACUUCCCUUUAGAGUGU
hsa-mir-521-2,AACGCACUUCCCUUUAGAGUGU
hsa-mir-522,CUCUAGAGGGAAGCGCUUUCUG
hsa-mir-524,CUACAAAGGGAAGCACUUUCUC
hsa-mir-525,CUCCAGAGGGAUGCACUUUCU
hsa-mir-526a-1,CUCUAGAGGGAAGCACUUUCUG
hsa-mir-526a-2,CUCUAGAGGGAAGCACUUUCUG
hsa-mir-526b,CUCUUGAGGGAAGCACUUUCUGU
hsa-mir-527,CUGCAAAGGGAAGCCCUUUC
hsa-mir-532,CAUGCCUUGAGUGUAGGACCGU
hsa-mir-539,GGAGAAAUUAUCCUUGGUGUGU
hsa-mir-542,UCGGGGAUCAUCAUGUCACGAGA
hsa-mir-543,AAACAUUCGCGGUGCACUUCUU
hsa-mir-544a,AUUCUGCAUUUUUAGCAAGUUC
hsa-mir-544b,ACCUGAGGUUGUGCAUUUCUAA
hsa-mir-545,UCAGUAAAUGUUUAUUAGAUGA
hsa-mir-548a-1,CAAAACUGGCAAUUACUUUUGC
hsa-mir-548a-2,CAAAACUGGCAAUUACUUUUGC
hsa-mir-548a-3,AAAAGUAAUUGCGAGUUUUACC
hsa-mir-548b,AAAAGUAAUUGUGGUUUUGGCC
hsa-mir-548c,AAAAGUAAUUGCGGUUUUUGCC
hsa-mir-548d-1,AAAAGUAAUUGUGGUUUUUGCC
hsa-mir-548d-2,AAAAGUAAUUGUGGUUUUUGCC
hsa-mir-548o,CCAAAACUGCAGUUACUUUUGC
hsa-mir-550a-1,AGUGCCUGAGGGAGUAAGAGCCC
hsa-mir-550a-2,AGUGCCUGAGGGAGUAAGAGCCC
hsa-mir-551a,GCGACCCACUCUUGGUUUCCA
hsa-mir-552,GUUUAACCUUUUGCCUGUUGG
hsa-mir-557,GUUUGCACGGGUGGGCCUUGUCU
hsa-mir-561,AUCAAGGAUCUUAAACUUUGCC
hsa-mir-663a,AGGCGGGGCGCCGCGGGACCGC
hsa-mir-564,AGGCACGGUGUCAGCAGGC
hsa-mir-566,gggcgccugugaucccaac
hsa-mir-567,AGUAUGUUCUUCCAGGACAGAAC
hsa-mir-569,AGUUAAUGAAUCCUGGAAAGU
hsa-mir-570,AAAGGUAAUUGCAGUUUUUCCC
hsa-mir-571,UGAGUUGGCCAUCUGAGUGAG
hsa-mir-572,GUCCGCUCGGCGGUGGCCCA
hsa-mir-574,UGAGUGUGUGUGUGUGAGUGUGU
hsa-mir-575,GAGCCAGUUGGACAGGAGC
hsa-mir-576,AUUCUAAUUUCUCCACGUCUUU
hsa-mir-577,UAGAUAAAAUAUUGGUACCUG
hsa-mir-582,UUACAGUUGUUCAACCAGUUACU
hsa-mir-583,CAAAGAGGAAGGUCCCAUUAC
hsa-mir-584,UUAUGGUUUGCCUGGGACUGAG
hsa-mir-589,UGAGAACCACGUCUGCUCUGAG
hsa-mir-590,GAGCUUAUUCAUAAAAGUGCAG
hsa-mir-591,AGACCAUGGGUUCUCAUUGU
hsa-mir-592,UUGUGUCAAUAUGCGAUGAUGU
hsa-mir-593,AGGCACCAGCCAGGCAUUGCUCAGC
hsa-mir-595,GAAGUGUGCCGUGGUGUGUCU
hsa-mir-596,AAGCCUGCCCGGCUCCUCGGG
hsa-mir-598,GCGGUGAUCCCGAUGGUGUGAGC
hsa-mir-599,GUUGUGUCAGUUUAUCAAAC
hsa-mir-600,ACUUACAGACAAGAGCCUUGCUC
hsa-mir-601,UGGUCUAGGAUUGUUGGAGGAG
hsa-mir-602,GACACGGGCGACAGCUGCGGCCC
hsa-mir-603,CACACACUGCAAUUACUUUUGC
hsa-mir-605,UAAAUCCCAUGGUGCCUUCUCCU
hsa-mir-608,AGGGGUGGUGUUGGGACAGCUCCGU
hsa-mir-610,UGAGCUAAAUGUGUGCUGGGA
hsa-mir-611,GCGAGGACCCCUCGGGGUCUGAC
hsa-mir-612,GCUGGGCAGGGCUUCUGAGCUCCUU
hsa-mir-614,GAACGCCUGUUCUUGCCAGGUGG
hsa-mir-615,GGGGGUCCCCGGUGCUCGGAUC
hsa-mir-616,ACUCAAAACCCUUCAGUGACUU
hsa-mir-617,AGACUUCCCAUUUGAAGGUGGC
hsa-mir-619,GCUGGGAUUACAGGCAUGAGCC
hsa-mir-621,GGCUAGCAACAGCGCUUACCU
hsa-mir-622,ACAGUCUGCUGAGGUUGGAGC
hsa-mir-624,UAGUACCAGUACCUUGUGUUCA
hsa-mir-625,AGGGGGAAAGUUCUAUAGUCC
hsa-mir-627,GUGAGUCUCUAAGAAAAGAGGA
hsa-mir-628,AUGCUGACAUAUUUACUAGAGG
hsa-mir-629,UGGGUUUACGUUGGGAGAACU
hsa-mir-630,AGUAUUCUGUACCAGGGAAGGU
hsa-mir-632,GUGUCUGCUUCCUGUGGGA
hsa-mir-633,CUAAUAGUAUCUACCACAAUAAA
hsa-mir-634,AACCAGCACCCCAACUUUGGAC
hsa-mir-635,ACUUGGGCACUGAAACAAUGUCC
hsa-mir-636,UGUGCUUGCUCGUCCCGCCCGCA
hsa-mir-637,ACUGGGGGCUUUCGGGCUCUGCGU
hsa-mir-638,AGGGAUCGCGGGCGGGUGGCGGCCU
hsa-mir-640,AUGAUCCAGGAACCUGCCUCU
hsa-mir-642a,GUCCCUCUCCAAAUGUGUCUUG
hsa-mir-646,AAGCAGCUGCCUCUGAGGC
hsa-mir-647,GUGGCUGCACUCACUUCCUUC
hsa-mir-648,AAGUGUGCAGGGCACUGGU
hsa-mir-650,AGGAGGCAGCGCUCUCAGGAC
hsa-mir-652,CAACCCUAGGAGAGGGUGCCAUUCA
hsa-mir-654,UGGUGGGCCGCAGAACAUGUGC
hsa-mir-655,AGAGGUUAUCCGUGUUAUGUUC
hsa-mir-657,GGCAGGUUCUCACCCUCUCUAGG
hsa-mir-658,GGCGGAGGGAAGUAGGUCCGUUGGU
hsa-mir-659,AGGACCUUCCCUGAACCAAGGA
hsa-mir-660,UACCCAUUGCAUAUCGGAGUUG
hsa-mir-661,UGCCUGGGUCUCUGGCCUGCGCGU
hsa-mir-662,UCCCACGUUGUGGCCCAGCAG
hsa-mir-664a,ACUGGCUAGGGAAAAUGAUUGGAU
hsa-mir-671,AGGAAGCCCUGGAGGGGCUGGAG
hsa-mir-675,UGGUGCGGAGAGGGCCCACAGUG
hsa-mir-7-1,UGGAAGACUAGUGAUUUUGUUGUU
hsa-mir-7-2,UGGAAGACUAGUGAUUUUGUUGUU
hsa-mir-7-3,UGGAAGACUAGUGAUUUUGUUGUU
hsa-mir-708,AAGGAGCUUACAAUCUAGCUGGG
hsa-mir-711,GGGACCCAGGGAGAGACGUAAG
hsa-mir-718,CUUCCGCCCCGCCGGGCGUCG
hsa-mir-744,UGCGGGGCUAGGGCUAACAGCA
hsa-mir-758,GAUGGUUGACCAGAGAGCACAC
hsa-mir-760,CGGCUCUGGGUCUGUGGGGA
hsa-mir-765,UGGAGGAGAAGGAAGGUGAUG
hsa-mir-766,AGGAGGAAUUGGUGCUGGUCUU
hsa-mir-767,UGCACCAUGGUUGUCUGAGCAUG
hsa-mir-769,UGAGACCUCUGGGUUCUGAGCU
hsa-mir-802,CAGUAACAAAGAUUCAUCCUUGU
hsa-mir-873,GCAGGAACUUGUGAGUCUCCU
hsa-mir-874,CGGCCCCACGCACCAGGGUAAGA
hsa-mir-885,UCCAUUACACUACCCUGCCUCU
hsa-mir-9-1,UCUUUGGUUAUCUAGCUGUAUGA
hsa-mir-9-2,UCUUUGGUUAUCUAGCUGUAUGA
hsa-mir-9-3,UCUUUGGUUAUCUAGCUGUAUGA
hsa-mir-92a-1,AGGUUGGGAUCGGUUGCAAUGCU
hsa-mir-92a-2,GGGUGGGGAUUUGUUGCAUUAC
hsa-mir-922,GCAGCAGAGAAUAGGACUACGUC
hsa-mir-92b,AGGGACGGGACGCGGUGCAGUG
hsa-mir-93,CAAAGUGCUGUUCGUGCAGGUAG
hsa-mir-933,UGUGCGCAGGGAGACCUCUCCC
hsa-mir-935,CCAGUUACCGCUUCCGCUACCGC
hsa-mir-938,UGCCCUUAAAGGUGAACCCAGU
hsa-mir-941-1,CACCCGGCUGUGUGCACAUGUGC
hsa-mir-941-2,CACCCGGCUGUGUGCACAUGUGC
hsa-mir-941-3,CACCCGGCUGUGUGCACAUGUGC
hsa-mir-941-4,CACCCGGCUGUGUGCACAUGUGC
hsa-mir-942,UCUUCUCUGUUUUGGCCAUGUG
hsa-mir-944,AAAUUAUUGUACAUCGGAUGAG
hsa-mir-95,UCAAUAAAUGUCUGUUGAAUU
hsa-mir-96,UUUGGCACUAGCACAUUUUUGCU
hsa-mir-98,UGAGGUAGUAAGUUGUAUUGUU
hsa-mir-99a,AACCCGUAGAUCCGAUCUUGUG
hsa-mir-99b,CACCCGUAGAACCGACCUUGCG
mir_542,UGAGGUAGUAGGUUGUAUAGUUAAAU
mir_543,UGAGGUAGUAGGUUGUAUAGUUAAAUA
mir_544,UGAGGUAGUAGGUUGUAUAGUUAAAUAU
mir_545,UGAGGUAGUAGGUUGUAUAGUUAAAUAUA
mir_546,UGAGGUAGUAGGUUGUAUAGUUAAAUAUAU
mir_547,UGAGGUAGUAGGUUGUAUAGUUAA
mir_548,UGAGGUAGUAGGUUGUAUAGUUA
mir_549,UGAGGUAGUAGGUUGUAUAGU
mir_550,UGAGGUAGUAGGUUGUAUAG
mir_551,UGAGGUAGUAGGUUGUAUA
mir_552,UGAGGUAGUAGGUUGUAU
mir_554,UGAGGUAGUAGGUUGUAUAA
mir_555,UGAGGUAGUAGGUUGUAUAAUU
mir_556,UGAGGUAGUAGGUUGUAUAAUUG
mir_557,UGAGGUAGUAGGUUGUAUAAUUGG
