CID,SMILES
CID:137,C(CC(=O)O)C(=O)CN
CID:237,CCN(CC)CCCC(C)NC1=C2C=C(C=CC2=NC3=C1C=CC(=C3)Cl)OC
CID:338,C1=CC=C(C(=C1)C(=O)O)O
CID:444,CC(C(=O)C1=CC(=CC=C1)Cl)NC(C)(C)C
CID:564,C(CCC(=O)O)CCN
CID:681,C1=CC(=C(C=C1CCN)O)O
CID:702,CCO
CID:772,CC(=O)NC1C(C(C(OC1O)COS(=O)(=O)O)OC2C(C(C(C(O2)C(=O)O)OC3C(C(C(C(O3)CO)OC4C(C(C(C(O4)C(=O)O)O)O)OS(=O)(=O)O)OS(=O)(=O)O)NS(=O)(=O)O)O)OS(=O)(=O)O)O
CID:1046,C1=CN=C(C=N1)C(=O)N
CID:1125,CC(C(C1CNC2=C(N1)C(=O)N=C(N2)N)O)O
CID:1676,CCCN1C2=C(C(=O)NC1=O)NC=N2
CID:1775,C1=CC=C(C=C1)C2(C(=O)NC(=O)N2)C3=CC=CC=C3
CID:1935,C1CCC2=NC3=CC=CC=C3C(=C2C1)N
CID:1978,CCCC(=O)NC1=CC(=C(C=C1)OCC(CNC(C)C)O)C(=O)C
CID:1983,CC(=O)NC1=CC=C(C=C1)O
CID:1986,CC(=O)NC1=NN=C(S1)S(=O)(=O)N
CID:1989,CC(=O)C1=CC=C(C=C1)S(=O)(=O)NC(=O)NC2CCCCC2
CID:1990,CC(=O)NO
CID:2022,C1=NC2=C(N1COCCO)NC(=NC2=O)N
CID:2082,CCCSC1=CC2=C(C=C1)N=C(N2)NC(=O)OC
CID:2083,CC(C)(C)NCC(C1=CC(=C(C=C1)O)CO)O
CID:2088,C(CC(O)(P(=O)(O)O)P(=O)(O)O)CN
CID:2092,CN(CCCNC(=O)C1CCCO1)C2=NC3=CC(=C(C=C3C(=N2)N)OC)OC
CID:2094,C1=C2C(=NC=NC2=O)NN1
CID:2119,CC(C)NCC(COC1=CC=CC=C1CC=C)O
CID:2131,CC[N+](CC)(CCNC(=O)C(=O)NCC[N+](CC)(CC)CC1=CC=CC=C1Cl)CC2=CC=CC=C2Cl
CID:2140,CC(=O)NC1=C(C(=C(C(=C1I)C(=O)O)I)NC(=O)C)I
CID:2141,C(CN)CNCCSP(=O)(O)O
CID:2145,CCC1(CCC(=O)NC1=O)C2=CC=C(C=C2)N
CID:2153,CN1C2=C(C(=O)N(C1=O)C)NC=N2
CID:2157,CCCCC1=C(C2=CC=CC=C2O1)C(=O)C3=CC(=C(C(=C3)I)OCCN(CC)CC)I
CID:2159,CCN1CCCC1CNC(=O)C2=CC(=C(C=C2OC)N)S(=O)(=O)CC
CID:2160,CN(C)CCC=C1C2=CC=CC=C2CCC3=CC=CC=C31
CID:2161,CC(C)C1=CC2=C(C=C1)OC3=NC(=C(C=C3C2=O)C(=O)O)N
CID:2162,CCOC(=O)C1=C(NC(=C(C1C2=CC=CC=C2Cl)C(=O)OC)C)COCCN
CID:2165,CCN(CC)CC1=C(C=CC(=C1)NC2=C3C=CC(=CC3=NC=C2)Cl)O
CID:2170,C1CN(CCN1)C2=NC3=CC=CC=C3OC4=C2C=C(C=C4)Cl
CID:2179,COC1=C(C=CC(=C1)NS(=O)(=O)C)NC2=C3C=CC=CC3=NC4=CC=CC=C42
CID:2187,CC(C)(C#N)C1=CC(=CC(=C1)CN2C=NC=N2)C(C)(C)C#N
CID:2197,COC1=CC=C(C=C1)C2C(=O)C3=CC=CC=C3C2=O
CID:2206,CC1=CC(=O)N(N1C)C2=CC=CC=C2
CID:2216,C1CN=C(N1)NC2=C(C=C(C=C2Cl)N)Cl
CID:2218,CCN(CC)CCCN(C1CC2=CC=CC=C2C1)C3=CC=CC=C3
CID:2244,CC(=O)OC1=CC=CC=C1C(=O)O
CID:2249,CC(C)NCC(COC1=CC=C(C=C1)CC(=O)N)O
CID:2265,CN1C=NC(=C1SC2=NC=NC3=C2NC=N3)[N+](=O)[O-]
CID:2266,C(CCCC(=O)O)CCCC(=O)O
CID:2267,CN1CCCC(CC1)N2C(=O)C3=CC=CC=C3C(=N2)CC4=CC=C(C=C4)Cl
CID:2284,C1=CC(=CC=C1C(CC(=O)O)CN)Cl
CID:2315,C1=CC=C(C=C1)CC2NC3=C(C=C(C(=C3)C(F)(F)F)S(=O)(=O)N)S(=O)(=O)N2
CID:2337,CCOC(=O)C1=CC=C(C=C1)N
CID:2342,CCN(CC)C(=O)C1CN2CCC3=CC(=C(C=C3C2CC1OC(=O)C)OC)OC
CID:2343,C1=CC=C(C=C1)CSCC2=NS(=O)(=O)C3=CC(=C(C=C3N2)Cl)S(=O)(=O)N
CID:2350,C1CN(CCC1OC(C2=CC=C(C=C2)Cl)C3=CC=CC=N3)CCCC(=O)O
CID:2351,CC(C)COCC(CN(CC1=CC=CC=C1)C2=CC=CC=C2)N3CCCC3
CID:2369,CC(C)NCC(COC1=CC=C(C=C1)CCOCC2CC2)O
CID:2370,CC(C[N+](C)(C)C)OC(=O)N
CID:2372,CC1=CC(=CC=C1)OCC(CNCCC2=CC(=C(C=C2)OC)OC)O
CID:2375,CC(CS(=O)(=O)C1=CC=C(C=C1)F)(C(=O)NC2=CC(=C(C=C2)C#N)C(F)(F)F)O
CID:2378,C1=CC=C(C=C1)C2=CC=C(C=C2)C(C3=CC=CC=C3)N4C=CN=C4
CID:2381,C1CCN(CC1)CCC(C2CC3CC2C=C3)(C4=CC=CC=C4)O
CID:2405,CC(C)NCC(COC1=CC=C(C=C1)COCCOC(C)C)O
CID:2431,CC[N+](C)(C)CC1=CC=CC=C1Br
CID:2435,C1CN=C(N1)NC2=C(C3=NC=CN=C3C=C2)Br
CID:2444,CN(C)CCOC(C1=CC=CC=C1)C2=CC=C(C=C2)Br
CID:2471,CCCCNC1=C(C(=CC(=C1)C(=O)O)S(=O)(=O)N)OC2=CC=CC=C2
CID:2474,CCCCN1CCCCC1C(=O)NC2=C(C=CC=C2C)C
CID:2477,C1CCC2(C1)CC(=O)N(C(=O)C2)CCCCN3CCN(CC3)C4=NC=CC=N4
CID:2478,CS(=O)(=O)OCCCCOS(=O)(=O)C
CID:2484,CC(C)(C)C1=CC=C(C=C1)CN(C)CC2=CC=CC3=CC=CC=C32
CID:2519,CN1C=NC2=C1C(=O)N(C(=O)N2C)C
CID:2520,CC(C)C(CCCN(C)CCC1=CC(=C(C=C1)OC)OC)(C#N)C2=CC(=C(C=C2)OC)OC
CID:2541,CCOC1=NC2=CC=CC(=C2N1CC3=CC=C(C=C3)C4=CC=CC=C4C5=NNN=N5)C(=O)O
CID:2554,C1=CC=C2C(=C1)C=CC3=CC=CC=C3N2C(=O)N
CID:2564,CN(C)CCOC(C1=CC=C(C=C1)Cl)C2=CC=CC=N2
CID:2578,C(CCl)NC(=O)N(CCCl)N=O
CID:2581,CC(C1=CC2=C(C=C1)C3=C(N2)C=CC(=C3)Cl)C(=O)O
CID:2583,CC(C)(C)NCC(COC1=CC=CC2=C1CCC(=O)N2)O
CID:2585,COC1=CC=CC=C1OCCNCC(COC2=CC=CC3=C2C4=CC=CC=C4N3)O
CID:2662,CC1=CC=C(C=C1)C2=CC(=NN2C3=CC=C(C=C3)S(=O)(=O)N)C(F)(F)F
CID:2678,C1CN(CCN1CCOCC(=O)O)C(C2=CC=CC=C2)C3=CC=C(C=C3)Cl
CID:2719,CCN(CC)CCCC(C)NC1=C2C=CC(=CC2=NC=C1)Cl
CID:2720,C1=C2C(=CC(=C1Cl)S(=O)(=O)N)S(=O)(=O)N=CN2
CID:2725,CN(C)CCC(C1=CC=C(C=C1)Cl)C2=CC=CC=N2
CID:2726,CN(C)CCCN1C2=CC=CC=C2SC3=C1C=C(C=C3)Cl
CID:2727,CCCNC(=O)NS(=O)(=O)C1=CC=C(C=C1)Cl
CID:2732,C1=CC=C2C(=C1)C(=O)NC2(C3=CC(=C(C=C3)Cl)S(=O)(=O)N)O
CID:2733,C1=CC2=C(C=C1Cl)NC(=O)O2
CID:2749,CC1=CC(=O)N(C(=C1)C2CCCCC2)O
CID:2754,C1CCC(CC1)N2C(=NN=N2)CCCCOC3=CC4=C(C=C3)NC(=O)CC4
CID:2756,CC1=C(N=CN1)CSCCNC(=NC)NC#N
CID:2762,CCN1C2=CC3=C(C=C2C(=O)C(=N1)C(=O)O)OCO3
CID:2764,C1CC1N2C=C(C(=O)C3=CC(=C(C=C32)N4CCNCC4)F)C(=O)O
CID:2771,CN(C)CCCC1(C2=C(CO1)C=C(C=C2)C#N)C3=CC=C(C=C3)F
CID:2783,CC(C)(C)NCC(C1=CC(=C(C(=C1)Cl)N)Cl)O
CID:2795,CN(C)CCC(C1=CC=CC=C1)(C2=CC=CC=C2Cl)O
CID:2796,CCOC(=O)C(C)(C)OC1=CC=C(C=C1)Cl
CID:2801,CN(C)CCCN1C2=CC=CC=C2CCC3=C1C=C(C=C3)Cl
CID:2803,C1CN=C(N1)NC2=C(C=CC=C2Cl)Cl
CID:2812,C1=CC=C(C=C1)C(C2=CC=CC=C2)(C3=CC=CC=C3Cl)N4C=CN=C4
CID:2818,CN1CCN(CC1)C2=C3C=CC=CC3=NC4=C(N2)C=C(C=C4)Cl
CID:2893,CC1CC(CC(C1)(C)C)OC(=O)C(C2=CC=CC=C2)O
CID:2895,CN(C)CCC=C1C2=CC=CC=C2C=CC3=CC=CC=C31
CID:2905,CN(C)CCOC(=O)C(C1=CC=CC=C1)C2(CCCC2)O
CID:2910,C1C2CC(C1C=C2)C3NC4=CC(=C(C=C4S(=O)(=O)N3)S(=O)(=O)N)Cl
CID:2911,C1CCN(CC1)CCC(C2CCCC2)(C3=CC=CC=C3)O
CID:2913,CN1CCC(=C2C3=CC=CC=C3C=CC4=CC=CC=C42)CC1
CID:2955,C1=CC(=CC=C1N)S(=O)(=O)C2=CC=C(C=C2)N
CID:2966,C1CN(CC2=CC=CC=C21)C(=N)N
CID:2968,C[N+](C)(C)CCCCCCCCCC[N+](C)(C)C
CID:2973,CC(=O)N(CCCCCNC(=O)CCC(=O)N(CCCCCNC(=O)CCC(=O)N(CCCCCN)O)O)O
CID:2995,CNCCCN1C2=CC=CC=C2CCC3=CC=CC=C31
CID:3019,CC1=NS(=O)(=O)C2=C(N1)C=CC(=C2)Cl
CID:3025,CCCCOC1=NC2=CC=CC=C2C(=C1)C(=O)NCCN(CC)CC
CID:3033,C1=CC=C(C(=C1)CC(=O)O)NC2=C(C=CC=C2Cl)Cl
CID:3038,C1=C(C=C(C(=C1S(=O)(=O)N)Cl)Cl)S(=O)(=O)N
CID:3042,CCN(CC)CCOC(=O)C1(CCCCC1)C2CCCCC2
CID:3052,CCN(CC)C(=O)N1CCN(CC1)C
CID:3055,C1CCN(CC1)CCCC(C2=CC=CC=C2)(C3=CC=CC=C3)O
CID:3059,C1=CC(=C(C=C1C2=C(C=C(C=C2)F)F)C(=O)O)O
CID:3100,CN(C)CCOC(C1=CC=CC=C1)C2=CC=CC=C2
CID:3103,CN1CCC(CC1)OC(C2=CC=CC=C2)C3=CC=CC=C3
CID:3105,CC(C)(C)C(=O)OC1=C(C=C(C=C1)C(CNC)O)OC(=O)C(C)(C)C
CID:3108,C1CCN(CC1)C2=NC(=NC3=C2N=C(N=C3N4CCCCC4)N(CCO)CCO)N(CCO)CCO
CID:3114,CC(C)N(CCC(C1=CC=CC=C1)(C2=CC=CC=N2)C(=O)N)C(C)C
CID:3117,CCN(CC)C(=S)SSC(=S)N(CC)CC
CID:3121,CCCC(CCC)C(=O)O
CID:3151,C1CN(CCC1N2C3=C(C=C(C=C3)Cl)NC2=O)CCCN4C5=CC=CC=C5NC4=O
CID:3152,COC1=C(C=C2C(=C1)CC(C2=O)CC3CCN(CC3)CC4=CC=CC=C4)OC
CID:3157,COC1=C(C=C2C(=C1)C(=NC(=N2)N3CCN(CC3)C(=O)C4COC5=CC=CC=C5O4)N)OC
CID:3162,CC(C1=CC=CC=C1)(C2=CC=CC=N2)OCCN(C)C
CID:3168,C1CN(CC=C1N2C3=CC=CC=C3NC2=O)CCCC(=O)C4=CC=C(C=C4)F
CID:3180,CCCCOC1=CC=C(C=C1)C(=O)CCN2CCCCC2
CID:3182,CN1C2=C(C(=O)N(C1=O)C)N(C=N2)CC(CO)O
CID:3198,C1=CC(=CC=C1COC(CN2C=CN=C2)C3=C(C=C(C=C3)Cl)Cl)Cl
CID:3202,CC[N+](C)(C)C1=CC(=CC=C1)O
CID:3219,CCOCCN1C2=CC=CC=C2N=C1N3CCCN(CC3)C
CID:3226,C(C(OC(F)F)(F)F)(F)Cl
CID:3229,CCN1C=C(C(=O)C2=CC(=C(N=C21)N3CCNCC3)F)C(=O)O
CID:3241,C1C2C3=CC=CC=C3CC4=CC=CC=C4N2C(=N1)N
CID:3278,CCC(=C)C(=O)C1=C(C(=C(C=C1)OCC(=O)O)Cl)Cl
CID:3290,CCN(CC)C(C)CN1C2=CC=CC=C2SC3=CC=CC=C31
CID:3291,CCC1(CC(=O)NC1=O)C
CID:3292,CCN1C(=O)C(NC1=O)C2=CC=CC=C2
CID:3295,CCOC1=CC2=C(C=C1)N=C(S2)S(=O)(=O)N
CID:3305,CC(O)(P(=O)(O)O)P(=O)(O)O
CID:3308,CCC1=C2C(=CC=C1)C3=C(N2)C(OCC3)(CC)CC(=O)O
CID:3331,C1=CC=C(C=C1)C(COC(=O)N)COC(=O)N
CID:3333,CCOC(=O)C1=C(NC(=C(C1C2=C(C(=CC=C2)Cl)Cl)C(=O)OC)C)C
CID:3339,CC(C)OC(=O)C(C)(C)OC1=CC=C(C=C1)C(=O)C2=CC=C(C=C2)Cl
CID:3341,C1CNCC(C2=CC(=C(C(=C21)Cl)O)O)C3=CC=C(C=C3)O
CID:3342,CC(C1=CC(=CC=C1)OC2=CC=CC=C2)C(=O)O
CID:3343,CC(CC1=CC=C(C=C1)O)NCC(C2=CC(=CC(=C2)O)O)O
CID:3345,CCC(=O)N(C1CCN(CC1)CCC2=CC=CC=C2)C3=CC=CC=C3
CID:3348,CC(C)(C1=CC=C(C=C1)C(CCCN2CCC(CC2)C(C3=CC=CC=C3)(C4=CC=CC=C4)O)O)C(=O)O
CID:3354,CC1=C(OC2=C(C1=O)C=CC=C2C(=O)OCCN3CCCCC3)C4=CC=CC=C4
CID:3356,C1CCNC(C1)CNC(=O)C2=C(C=CC(=C2)OCC(F)(F)F)OCC(F)(F)F
CID:3365,C1=CC(=C(C=C1F)F)C(CN2C=NC=N2)(CN3C=NC=N3)O
CID:3366,C1=NC(=O)NC(=C1F)N
CID:3372,C1CN(CCN1CCCN2C3=CC=CC=C3SC4=C2C=C(C=C4)C(F)(F)F)CCO
CID:3373,CCOC(=O)C1=C2CN(C(=O)C3=C(N2C=N1)C=CC(=C3)F)C
CID:3385,C1=C(C(=O)NC(=O)N1)F
CID:3386,CNCCC(C1=CC=CC=C1)OC2=CC=C(C=C2)C(F)(F)F
CID:3394,CC(C1=CC(=C(C=C1)C2=CC=CC=C2)F)C(=O)O
CID:3396,C1CN(CCC12C(=O)NCN2C3=CC=CC=C3)CCCC(C4=CC=C(C=C4)F)C5=CC=C(C=C5)F
CID:3397,CC(C)C(=O)NC1=CC(=C(C=C1)[N+](=O)[O-])C(F)(F)F
CID:3406,CC1=CNN=C1
CID:3410,CC(CC1=CC=C(C=C1)OC)NCC(C2=CC(=C(C=C2)O)NC=O)O
CID:3440,C1=COC(=C1)CNC2=CC(=C(C=C2C(=O)O)S(=O)(=O)N)Cl
CID:3446,C1CCC(CC1)(CC(=O)O)CN
CID:3463,CC1=CC(=C(C=C1)C)OCCCC(C)(C)C(=O)O
CID:3467,CC(C1CCC(C(O1)OC2C(CC(C(C2O)OC3C(C(C(CO3)(C)O)NC)O)N)N)N)NC
CID:3475,CC1=CC=C(C=C1)S(=O)(=O)NC(=O)NN2CC3CCCC3C2
CID:3476,CCC1=C(CN(C1=O)C(=O)NCCC2=CC=C(C=C2)S(=O)(=O)NC(=O)NC3CCC(CC3)C)C
CID:3478,CC1=CN=C(C=N1)C(=O)NCCC2=CC=C(C=C2)S(=O)(=O)NC(=O)NC3CCCCC3
CID:3488,COC1=C(C=C(C=C1)Cl)C(=O)NCCC2=CC=C(C=C2)S(=O)(=O)NC(=O)NC3CCCCC3
CID:3494,C[N+]1(CCC(C1)OC(=O)C(C2CCCC2)(C3=CC=CC=C3)O)C
CID:3510,CN1C2CCCC1CC(C2)NC(=O)C3=NN(C4=CC=CC=C43)C
CID:3518,C1CCCN(CCC1)CCN=C(N)N
CID:3519,C1=CC(=C(C(=C1)Cl)CC(=O)N=C(N)N)Cl
CID:3520,C(=N)(N)N
CID:3559,C1CN(CCC1(C2=CC=C(C=C2)Cl)O)CCCC(=O)C3=CC=C(C=C3)F
CID:3562,C(C(F)(F)F)(Cl)Br
CID:3598,C1=C(C(=C(C(=C1Cl)Cl)CC2=C(C(=CC(=C2Cl)Cl)Cl)O)O)Cl
CID:3637,C1=CC=C2C(=C1)C=NN=C2NN
CID:3647,C1NC2=C(C=C(C(=C2)C(F)(F)F)S(=O)(=O)N)S(=O)(=O)N1
CID:3652,CCN(CCCC(C)NC1=C2C=CC(=CC2=NC=C1)Cl)CCO
CID:3657,C(=O)(N)NO
CID:3658,C1CN(CCN1CCOCCO)C(C2=CC=CC=C2)C3=CC=C(C=C3)Cl
CID:3672,CC(C)CC1=CC=C(C=C1)C(C)C(=O)O
CID:3675,C1=CC=C(C=C1)CCNN
CID:3676,CCN(CC)CC(=O)NC1=C(C=CC=C1C)C
CID:3677,CC(C)(CC1=CC=CC=C1)NC
CID:3678,CCN(CCCC1=CC=CC=C1)CCCC2=CC=CC=C2
CID:3696,CN(C)CCCN1C2=CC=CC=C2CCC3=CC=CC=C31
CID:3698,C1=CN=CC=C1C2=CNC(=O)C(=C2)N
CID:3702,CC1CC2=CC=CC=C2N1NC(=O)C3=CC(=C(C=C3)Cl)S(=O)(=O)N
CID:3715,CC1=C(C2=C(N1C(=O)C3=CC=C(C=C3)Cl)C=CC(=C2)OC)CC(=O)O
CID:3739,C1=C(C(=C(C(=C1I)NC(=O)CCCCC(=O)NC2=C(C=C(C(=C2I)C(=O)O)I)I)I)C(=O)O)I
CID:3749,CCCCC1=NC2(CCCC2)C(=O)N1CC3=CC=C(C=C3)C4=CC=CC=C4C5=NNN=N5
CID:3759,CC1=CC(=NO1)C(=O)NNCC2=CC=CC=C2
CID:3762,CCC(C(C1=CC(=C(C=C1)O)O)O)NC(C)C
CID:3763,C(C(F)(F)F)(OC(F)F)Cl
CID:3767,C1=CN=CC=C1C(=O)NN
CID:3775,CC(C)[N+](C)(CCC(C1=CC=CC=C1)(C2=CC=CC=C2)C(=O)N)C(C)C
CID:3779,CC(C)NCC(C1=CC(=C(C=C1)O)O)O
CID:3784,CC1=C(C(C(=C(N1)C)C(=O)OC(C)C)C2=CC=CC3=NON=C32)C(=O)OC
CID:3821,CNC1(CCCCC1=O)C2=CC=CC=C2Cl
CID:3825,CC(C1=CC(=CC=C1)C(=O)C2=CC=CC=C2)C(=O)O
CID:3826,C1CN2C(=CC=C2C(=O)C3=CC=CC=C3)C1C(=O)O
CID:3827,CN1CCC(=C2C3=C(C(=O)CC4=CC=CC=C42)SC=C3)CC1
CID:3869,CC(CCC1=CC=CC=C1)NCC(C2=CC(=C(C=C2)O)C(=O)N)O
CID:3878,C1=CC(=C(C(=C1)Cl)Cl)C2=C(N=C(N=N2)N)N
CID:3883,CC1=C(C=CN=C1CS(=O)C2=NC3=CC=CC=C3N2)OCC(F)(F)F
CID:3899,CC1=C(C=NO1)C(=O)NC2=CC=C(C=C2)C(F)(F)F
CID:3902,C1=CC(=CC=C1C#N)C(C2=CC=C(C=C2)C#N)N3C=NC=N3
CID:3948,CCN1C=C(C(=O)C2=CC(=C(C(=C21)F)N3CCNC(C3)C)F)C(=O)O
CID:3955,CN(C)C(=O)C(CCN1CCC(CC1)(C2=CC=C(C=C2)Cl)O)(C3=CC=CC=C3)C4=CC=CC=C4
CID:3957,CCOC(=O)N1CCC(=C2C3=C(CCC4=C2N=CC=C4)C=C(C=C3)Cl)CC1
CID:3958,C1=CC=C(C(=C1)C2=NC(C(=O)NC3=C2C=C(C=C3)Cl)O)Cl
CID:3961,CCCCC1=NC(=C(N1CC2=CC=C(C=C2)C3=CC=CC=C3C4=NNN=N4)CO)Cl
CID:3964,CN1CCN(CC1)C2=NC3=CC=CC=C3OC4=C2C=C(C=C4)Cl
CID:4004,CCOC(=O)CC(C(=O)OCC)SP(=S)(OC)OC
CID:4011,CNCCCC12CCC(C3=CC=CC=C31)C4=CC=CC=C24
CID:4020,C1CN2C(=N1)C3=CC=CC=C3C2(C4=CC=C(C=C4)Cl)O
CID:4030,COC(=O)NC1=NC2=C(N1)C=C(C=C2)C(=O)C3=CC=CC=C3
CID:4032,CC1(C2CCC(C2)C1(C)NC)C
CID:4034,CC1=CC(=CC=C1)CN2CCN(CC2)C(C3=CC=CC=C3)C4=CC=C(C=C4)Cl
CID:4037,CC1=C(C(=C(C=C1)Cl)NC2=CC=CC=C2C(=O)O)Cl
CID:4044,CC1=C(C(=CC=C1)NC2=CC=CC=C2C(=O)O)C
CID:4046,C1CCNC(C1)C(C2=CC(=NC3=C2C=CC=C3C(F)(F)F)C(F)(F)F)O
CID:4054,CC12CC3CC(C1)(CC(C3)(C2)N)C
CID:4057,C[N+]1(CCCC(C1)OC(=O)C(C2=CC=CC=C2)(C3=CC=CC=C3)O)C
CID:4058,CCOC(=O)C1(CCN(CC1)C)C2=CC=CC=C2
CID:4060,CCC1(C(=O)N(C(=O)N1)C)C2=CC=CC=C2
CID:4062,CC1=C(C(=CC=C1)C)NC(=O)C2CCCCN2C
CID:4066,C1CN2CCC1C(C2)CN3C4=CC=CC=C4SC5=CC=CC=C53
CID:4075,C1=CC(=C(C=C1N)C(=O)O)O
CID:4078,CN1CCCCC1CCN2C3=CC=CC=C3SC4=C2C=C(C=C4)S(=O)C
CID:4086,CC(C)NCC(C1=CC(=CC(=C1)O)O)O
CID:4091,CN(C)C(=N)N=C(N)N
CID:4095,CCC(=O)C(CC(C)N(C)C)(C1=CC=CC=C1)C2=CC=CC=C2
CID:4097,CC[N+](C)(CC)CCOC(=O)C1C2=CC=CC=C2OC3=CC=CC=C13
CID:4099,CCC1(C(=O)NC(=O)N(C1=O)C)CC
CID:4100,CC(=O)N=C1N(N=C(S1)S(=O)(=O)N)C
CID:4107,COC1=CC=CC=C1OCC(COC(=O)N)O
CID:4116,COC(C(Cl)Cl)(F)F
CID:4121,CN1C(NC2=CC(=C(C=C2S1(=O)=O)S(=O)(=O)N)Cl)CCl
CID:4167,CN1CCCC(C1)CC2C3=CC=CC=C3SC4=CC=CC=C24
CID:4168,CCN(CC)CCNC(=O)C1=CC(=C(C=C1OC)N)Cl
CID:4170,CC1NC2=CC(=C(C=C2C(=O)N1C3=CC=CC=C3C)S(=O)(=O)N)Cl
CID:4171,CC(C)NCC(COC1=CC=C(C=C1)CCOC)O
CID:4174,CC(C)(C1=CN=CC=C1)C(=O)C2=CN=CC=C2
CID:4178,CC1=C(C(=CC=C1)C)OCC(C)N
CID:4184,CN1CCN2C(C1)C3=CC=CC=C3CC4=CC=CC=C42
CID:4189,C1=CC(=C(C=C1Cl)Cl)COC(CN2C=CN=C2)C3=C(C=C(C=C3)Cl)Cl
CID:4195,COC1=CC(=C(C=C1)OC)C(CNC(=O)CN)O
CID:4197,CC1=C(C=C(C(=O)N1)C#N)C2=CC=NC=C2
CID:4199,CC1=CC(=NN=C1NCCN2CCOCC2)C3=CC=CC=C3
CID:4201,C1CCN(CC1)C2=NC(=N)N(C(=C2)N)O
CID:4205,CN1CCN2C(C1)C3=CC=CC=C3CC4=C2N=CC=C4
CID:4211,C1=CC=C(C(=C1)C(C2=CC=C(C=C2)Cl)C(Cl)Cl)Cl
CID:4212,C1=CC(=C2C(=C1NCCNCCO)C(=O)C3=C(C=CC(=C3C2=O)O)O)NCCNCCO
CID:4235,C1COCCN1CCNC(=O)C2=CC=C(C=C2)Cl
CID:4236,C1=CC=C(C=C1)C(C2=CC=CC=C2)S(=O)CC(=O)N
CID:4409,CC(=O)CCC1=CC2=C(C=C1)C=C(C=C2)OC
CID:4421,CCN1C=C(C(=O)C2=C1N=C(C=C2)C)C(=O)O
CID:4436,C1CN=C(N1)CC2=CC=CC3=CC=CC=C32
CID:4440,CNS(=O)(=O)CCC1=CC2=C(C=C1)NC=C2C3CCN(CC3)C
CID:4456,CN(C)C(=O)OC1=CC=CC(=C1)[N+](C)(C)C
CID:4474,CC1=C(C(C(=C(N1)C)C(=O)OCCN(C)CC2=CC=CC=C2)C3=CC(=CC=C3)[N+](=O)[O-])C(=O)OC
CID:4485,CC1=C(C(C(=C(N1)C)C(=O)OC)C2=CC=CC=C2[N+](=O)[O-])C(=O)OC
CID:4488,C1=CC(=CC(=C1)NC2=C(C=CC=N2)C(=O)O)C(F)(F)F
CID:4493,CC1(C(=O)N(C(=O)N1)C2=CC(=C(C=C2)[N+](=O)[O-])C(F)(F)F)C
CID:4497,CC1=C(C(C(=C(N1)C)C(=O)OC(C)C)C2=CC(=CC=C2)[N+](=O)[O-])C(=O)OCCOC
CID:4499,CC1=C(C(C(=C(N1)C)C(=O)OCC(C)C)C2=CC=CC=C2[N+](=O)[O-])C(=O)OC
CID:4506,C1C(=O)NC2=C(C=C(C=C2)[N+](=O)[O-])C(=N1)C3=CC=CC=C3
CID:4507,CCOC(=O)C1=C(NC(=C(C1C2=CC(=CC=C2)[N+](=O)[O-])C(=O)OC)C)C
CID:4510,C(C(CO[N+](=O)[O-])O[N+](=O)[O-])O[N+](=O)[O-]
CID:4539,CCN1C=C(C(=O)C2=CC(=C(C=C21)N3CCNCC3)F)C(=O)O
CID:4543,CNCCC=C1C2=CC=CC=C2CCC3=CC=CC=C31
CID:4583,CC1COC2=C3N1C=C(C(=O)C3=CC(=C2N4CCN(CC4)C)F)C(=O)O
CID:4594,CC1=CN=C(C(=C1OC)C)CS(=O)C2=NC3=C(N2)C=C(C=C3)OC
CID:4595,CC1=NC=CN1CC2CCC3=C(C2=O)C4=CC=CC=C4N3C
CID:4601,CC1=CC=CC=C1C(C2=CC=CC=C2)OCCN(C)C
CID:4614,C1=CC=C(C=C1)C2=C(OC(=N2)CCC(=O)O)C3=CC=CC=C3
CID:4616,C1=CC=C(C=C1)C2=NC(C(=O)NC3=C2C=C(C=C3)Cl)O
CID:4631,CC(C)NCC(COC1=CC=CC=C1OCC=C)O
CID:4633,CCCCOC1=C(C=CC(=C1)C(=O)OCCN(CC)CC)N
CID:4634,CCN(CC)CC#CCOC(=O)C(C1CCCCC1)(C2=CC=CC=C2)O
CID:4636,CC1=CC(=C(C(=C1CC2=NCCN2)C)O)C(C)(C)C
CID:4642,CN1CCCN=C1COC(=O)C(C2CCCCC2)(C3=CC=CC=C3)O
CID:4649,C1=CC(=C(C=C1N)O)C(=O)O
CID:4674,C(CN)C(O)(P(=O)(O)O)P(=O)(O)O
CID:4679,COC1=C(C(=NC=C1)CS(=O)C2=NC3=C(N2)C=C(C=C3)OC(F)F)OC
CID:4680,COC1=C(C=C(C=C1)CC2=NC=CC3=CC(=C(C=C32)OC)OC)OC
CID:4688,CN(CC#C)CC1=CC=CC=C1
CID:4737,CCCC(C)C1(C(=O)NC(=O)NC1=O)CC
CID:4740,CC(=O)CCCCN1C(=O)C2=C(N=CN2C)N(C1=O)C
CID:4746,C1CCC(CC1)C(CC2CCCCN2)C3CCCCC3
CID:4747,C1CN(CCC1O)CCCN2C3=CC=CC=C3SC4=C2C=C(C=C4)C#N
CID:4748,C1CN(CCN1CCCN2C3=CC=CC=C3SC4=C2C=C(C=C4)Cl)CCO
CID:4753,C1=CC=C(C=C1)CC(=O)NC(=O)N
CID:4756,C1=CC=C(C=C1)N=NC2=C(N=C(C=C2)N)N
CID:4760,C1=CC=C(C=C1)C2C(=O)C3=CC=CC=C3C2=O
CID:4761,CN(C)CCC(C1=CC=CC=C1)C2=CC=CC=N2
CID:4763,CCC1(C(=O)NC(=O)NC1=O)C2=CC=CC=C2
CID:4768,CC(COC1=CC=CC=C1)N(CCCl)CC2=CC=CC=C2
CID:4781,CCCCC1C(=O)N(N(C1=O)C2=CC=CC=C2)C3=CC=CC=C3
CID:4828,CC(C)NCC(COC1=CC=CC2=C1C=CN2)O
CID:4829,CCC1=CN=C(C=C1)CCOC2=CC=C(C=C2)CC3C(=O)NC(=O)S3
CID:4845,CC(C)(C)NCC(C1=NC(=C(C=C1)O)CO)O
CID:4848,CN1CCN(CC1)CC(=O)N2C3=CC=CC=C3C(=O)NC4=C2N=CC=C4
CID:4870,CN1C(NC2=CC(=C(C=C2S1(=O)=O)S(=O)(=O)N)Cl)CSCC(F)(F)F
CID:4891,C1CCC(CC1)C(=O)N2CC3C4=CC=CC=C4CCN3C(=O)C2
CID:4893,COC1=C(C=C2C(=C1)C(=NC(=N2)N3CCN(CC3)C(=O)C4=CC=CO4)N)OC
CID:4906,CCCNC(C)C(=O)NC1=CC=CC=C1C
CID:4908,CC(CCCN)NC1=C2C(=CC(=C1)OC)C=CC=N2
CID:4909,CCC1(C(=O)NCNC1=O)C2=CC=CC=C2
CID:4911,CCCN(CCC)S(=O)(=O)C1=CC=C(C=C1)C(=O)O
CID:4912,CC(C)(C)C1=CC(=CC(=C1O)C(C)(C)C)SC(C)(C)SC2=CC(=C(C(=C2)C(C)(C)C)O)C(C)(C)C
CID:4913,CCN(CC)CCNC(=O)C1=CC=C(C=C1)N
CID:4914,CCN(CC)CCOC(=O)C1=CC=C(C=C1)N
CID:4917,CN1CCN(CC1)CCCN2C3=CC=CC=C3SC4=C2C=C(C=C4)Cl
CID:4919,C1CCC(CC1)C(CCN2CCCC2)(C3=CC=CC=C3)O
CID:4926,CN(C)CCCN1C2=CC=CC=C2SC3=CC=CC=C31
CID:4927,CC(CN1C2=CC=CC=C2SC3=CC=CC=C31)N(C)C
CID:4932,CCCNCC(COC1=CC=CC=C1C(=O)CCC2=CC=CC=C2)O
CID:4934,CC(C)[N+](C)(CCOC(=O)C1C2=CC=CC=C2OC3=CC=CC=C13)C(C)C
CID:4935,CCCOC1=C(C=C(C=C1)C(=O)OCCN(CC)CC)N
CID:4940,CCC(=O)C1=CC2=C(C=C1)SC3=CC=CC=C3N2CC(C)N(C)C
CID:4943,CC(C)C1=C(C(=CC=C1)C(C)C)O
CID:4946,CC(C)NCC(COC1=CC=CC2=CC=CC=C21)O
CID:4976,CNCCCC1C2=CC=CC=C2C=CC3=CC=CC=C13
CID:4991,C[N+]1=CC=CC(=C1)OC(=O)N(C)C
CID:4993,CCC1=C(C(=NC(=N1)N)N)C2=CC=C(C=C2)Cl
CID:5002,C1CN(CCN1CCOCCO)C2=NC3=CC=CC=C3SC4=CC=CC=C42
CID:5029,CC1=C(C=CN=C1CS(=O)C2=NC3=CC=CC=C3N2)OCCCOC
CID:5035,C1CCN(CC1)CCOC2=CC=C(C=C2)C(=O)C3=C(SC4=C3C=CC(=C4)O)C5=CC=C(C=C5)O
CID:5070,C1=CC2=C(C=C1OC(F)(F)F)SC(=N2)N
CID:5073,CC1=C(C(=O)N2CCCCC2=N1)CCN3CCC(CC3)C4=NOC5=C4C=CC(=C5)F
CID:5078,CN(C)CCC1=CNC2=C1C=C(C=C2)CN3C=NC=N3
CID:5095,CCCN(CCC)CCC1=C2CC(=O)NC2=CC=C1
CID:5152,C1=CC=C(C=C1)CCCCOCCCCCCNCC(C2=CC(=C(C=C2)O)CO)O
CID:5161,C1=CC=C(C(=C1)C(=O)OC2=CC=CC=C2C(=O)O)O
CID:5206,C(OC(C(F)(F)F)C(F)(F)F)F
CID:5212,CCCC1=NN(C2=C1NC(=NC2=O)C3=C(C=CC(=C3)S(=O)(=O)N4CCN(CC4)C)OCC)C
CID:5245,C1=CC(=CN=C1)CC(O)(P(=O)(O)O)P(=O)(O)O
CID:5248,CCCCCCCCCCCCCCOS(=O)(=O)O
CID:5253,CC(C)NCC(C1=CC=C(C=C1)NS(=O)(=O)C)O
CID:5311,C1=CC=C(C=C1)NC(=O)CCCCCCC(=O)NO
CID:5314,C[N+](C)(C)CCOC(=O)CCC(=O)OCC[N+](C)(C)C
CID:5320,CC(=O)NS(=O)(=O)C1=CC=C(C=C1)N
CID:5328,CC1=NN=C(S1)NS(=O)(=O)C2=CC=C(C=C2)N
CID:5333,C1=CC(=CC=C1N)S(=O)(=O)N
CID:5342,C1=CC=C(C=C1)N2C(=O)C(C(=O)N2C3=CC=CC=C3)CCS(=O)C4=CC=CC=C4
CID:5351,C1=CC(=CC=C1NCS(=O)O)S(=O)(=O)C2=CC=C(C=C2)NCS(=O)O
CID:5355,CCN1CCCC1CNC(=O)C2=C(C=CC(=C2)S(=O)(=O)N)OC
CID:5358,CNS(=O)(=O)CC1=CC2=C(C=C1)NC=C2CCN(C)C
CID:5359,CC(C1=CC=C(C=C1)C(=O)C2=CC=CS2)C(=O)O
CID:5361,CC1=C(C=C(C=C1)C(=O)NC2=C3C(=CC(=CC3=C(C=C2)S(=O)(=O)O)S(=O)(=O)O)S(=O)(=O)O)NC(=O)C4=CC(=CC=C4)NC(=O)NC5=CC=CC(=C5)C(=O)NC6=C(C=CC(=C6)C(=O)NC7=C8C(=CC(=CC8=C(C=C7)S(=O)(=O)O)S(=O)(=O)O)S(=O)(=O)O)C
CID:5379,CC1CN(CCN1)C2=C(C=C3C(=C2OC)N(C=C(C3=O)C(=O)O)C4CC4)F
CID:5381,CCOC(=O)C1=CN=C(C=C1)C#CC2=CC3=C(C=C2)SCCC3(C)C
CID:5391,CN1C2=C(C=C(C=C2)Cl)C(=NC(C1=O)O)C3=CC=CC=C3
CID:5401,COC1=C(C=C2C(=C1)C(=NC(=N2)N3CCN(CC3)C(=O)C4CCCO4)N)OC
CID:5403,CC(C)(C)NCC(C1=CC(=CC(=C1)O)O)O
CID:5429,CN1C=NC2=C1C(=O)NC(=O)N2C
CID:5440,CCSC1=CC2=C(C=C1)SC3=CC=CC=C3N2CCCN4CCN(CC4)C
CID:5452,CN1CCCCC1CCN2C3=CC=CC=C3SC4=C2C=C(C=C4)SC
CID:5468,CC(C1=CC=C(S1)C(=O)C2=CC=CC=C2)C(=O)O
CID:5472,C1CN(CC2=C1SC=C2)CC3=CC=CC=C3Cl
CID:5482,C1=CC(=C(C=C1Cl)Cl)C(CN2C=CN=C2)OCC3=C(SC=C3)Cl
CID:5487,C1CN=C(N1)NC2=C(C=CC3=NSN=C32)Cl
CID:5503,CC1=CC=C(C=C1)S(=O)(=O)NC(=O)NN2CCCCCC2
CID:5504,C1CN=C(N1)CC2=CC=CC=C2
CID:5505,CCCCNC(=O)NS(=O)(=O)C1=CC=C(C=C1)C
CID:5509,CC1=CC=C(C=C1)C(=O)C2=CC=C(N2C)CC(=O)O
CID:5510,CC1=CC(=CC=C1)N(C)C(=S)OC2=CC3=CC=CC=C3C=C2
CID:5533,C1CN(CCN1CCCN2C(=O)N3C=CC=CC3=N2)C4=CC(=CC=C4)Cl
CID:5546,C1=CC=C(C=C1)C2=NC3=C(N=C(N=C3N=C2N)N)N
CID:5560,C1=C2C(=CC(=C1Cl)S(=O)(=O)N)S(=O)(=O)NC(N2)C(Cl)Cl
CID:5566,CN1CCN(CC1)CCCN2C3=CC=CC=C3SC4=C2C=C(C=C4)C(F)(F)F
CID:5568,CN(C)CCCN1C2=CC=CC=C2SC3=C1C=C(C=C3)C(F)(F)F
CID:5572,C1CCC(CC1)C(CCN2CCCCC2)(C3=CC=CC=C3)O
CID:5574,CC(CN1C2=CC=CC=C2SC3=CC=CC=C31)CN(C)C
CID:5576,CC1(C(=O)N(C(=O)O1)C)C
CID:5578,COC1=CC(=CC(=C1OC)OC)CC2=CN=C(N=C2N)N
CID:5583,CC1=C(C=CC2=C1C(=NC(=N2)N)N)CNC3=CC(=C(C(=C3)OC)OC)OC
CID:5584,CC(CN1C2=CC=CC=C2CCC3=CC=CC=C31)CN(C)C
CID:5587,CN(C)CCN(CC1=CC=CC=C1)C2=CC=CC=N2
CID:5593,CCN(CC1=CC=NC=C1)C(=O)C(CO)C2=CC=CC=C2
CID:5596,C1CC[N+]2(C1)C3CCC2CC(C3)OC(=O)C(C4=CC=CC=C4)(C5=CC=CC=C5)O
CID:5656,CN(C)CC(C1=CC=C(C=C1)OC)C2(CCCCC2)O
CID:5665,C=CC(CCC(=O)O)N
CID:5717,CC1=CC=CC=C1S(=O)(=O)NC(=O)C2=CC(=C(C=C2)CC3=CN(C4=C3C=C(C=C4)NC(=O)OC5CCCC5)C)OC
CID:5732,CC1=CC=C(C=C1)C2=C(N3C=C(C=CC3=N2)C)CC(=O)N(C)C
CID:5734,C1=CC=C2C(=C1)C(=NO2)CS(=O)(=O)N
CID:5735,CN1CCN(CC1)C(=O)OC2C3=NC=CN=C3C(=O)N2C4=NC=C(C=C4)Cl
CID:5743,CC1CC2C3CCC4=CC(=O)C=CC4(C3(C(CC2(C1(C(=O)CO)O)C)O)F)C
CID:5745,CC(=O)OCC(=O)C1(CCC2C1(CC(=O)C3C2CCC4=CC(=O)CCC34C)C)O
CID:5749,CC[N+](C)(CC)CCOC(=O)C(C1CCCCC1)(C2=CC=CC=C2)O
CID:5754,CC12CCC(=O)C=C1CCC3C2C(CC4(C3CCC4(C(=O)CO)O)C)O
CID:5755,CC12CC(C3C(C1CCC2(C(=O)CO)O)CCC4=CC(=O)C=CC34C)O
CID:5756,CC12CCC3C(C1CC(C2O)O)CCC4=C3C=CC(=C4)O
CID:5757,CC12CCC3C(C1CCC2O)CCC4=C3C=CC(=C4)O
CID:5770,COC1C(CC2CN3CCC4=C(C3CC2C1C(=O)OC)NC5=C4C=CC(=C5)OC)OC(=O)C6=CC(=C(C(=C6)OC)OC)OC
CID:5775,CC1=CC=C(C=C1)N(CC2=NCCN2)C3=CC(=CC=C3)O
CID:5790,C1C(C(OC1N2C=C(C(=O)NC2=O)F)CO)O
CID:5816,CNCC(C1=CC(=C(C=C1)O)O)O
CID:5819,C1=C(C=C(C(=C1I)OC2=CC(=C(C(=C2)I)O)I)I)CC(C(=O)O)N
CID:5833,CC(=O)SC1CC2=CC(=O)CCC2(C3C1C4CCC5(C4(CC3)C)CCC(=O)O5)C
CID:5850,C[N+]1(CCCC1)CCCCC[N+]2(CCCC2)C
CID:5865,CC12CC(=O)C3C(C1CCC2(C(=O)CO)O)CCC4=CC(=O)C=CC34C
CID:5870,CC12CCC3C(C1CCC2=O)CCC4=C3C=CC(=C4)O
CID:5875,CC1CC2C3CC(C4=CC(=O)C=CC4(C3C(CC2(C1(C(=O)CO)O)C)O)C)F
CID:5878,CC12CCC3C(C1CCC2(C)O)CCC4C3(COC(=O)C4)C
CID:5906,CC(C(C1=CC(=CC=C1)O)O)N
CID:5910,CCC1C(COC1=O)CC2=CN=CN2C
CID:5920,C1=CC(=C(C=C1OC2=C(C=C(C=C2I)CC(C(=O)O)N)I)I)O
CID:5936,CC(C)OP(=O)(OC(C)C)F
CID:5965,CN(CCCCCCCCCCN(C)C(=O)OC1=CC=CC(=C1)[N+](C)(C)C)C(=O)OC2=CC=CC(=C2)[N+](C)(C)C.[Br-].[Br-]
CID:5978,CCC1(CC2CC(C3=C(CCN(C2)C1)C4=CC=CC=C4N3)(C5=C(C=C6C(=C5)C78CCN9C7C(C=CC9)(C(C(C8N6C=O)(C(=O)OC)O)OC(=O)C)CC)OC)C(=O)OC)O
CID:5983,CC12CCN(C1N(C3=C2C=C(C=C3)OC(=O)NC)C)C
CID:5991,CC12CCC3C(C1CCC2(C#C)O)CCC4=C3C=CC(=C4)O
CID:5994,CC(=O)C1CCC2C1(CCC3C2CCC4=CC(=O)CCC34C)C
CID:5995,CCC(=O)OC1CCC2C1(CCC3C2CCC4=CC(=O)CCC34C)C
CID:6000,CN1CCC2=CC(=C3C=C2C1CC4=CC=C(C=C4)OC5=C6C(CC7=CC(=C(C=C7)O)O3)[N+](CCC6=CC(=C5O)OC)(C)C)OC
CID:6005,CN1CCC2=C3C1CC4=C(C3=CC=C2)C(=C(C=C4)O)O
CID:6013,CC12CCC3C(C1CCC2O)CCC4=CC(=O)CCC34C
CID:6018,CC(C)CC1CN2CCC3=CC(=C(C=C3C2CC1=O)OC)OC
CID:6024,CC(=O)OCC1=C(N2C(C(C2=O)NC(=O)CC3=CC=CS3)SC1)C(=O)O
CID:6041,CNCC(C1=CC(=CC=C1)O)O
CID:6047,C1=CC(=C(C=C1CC(C(=O)O)N)O)O
CID:6058,C(CS)N
CID:6077,CC(=O)C1=CC2=C(C=C1)SC3=CC=CC=C3N2CCCN(C)C
CID:6082,CC(C(C1=C(C=CC(=C1)OC)OC)O)N
CID:6098,CC1=C(C(=NO1)C2=CC=CC=C2Cl)C(=O)NC3C4N(C3=O)C(C(S4)(C)C)C(=O)O
CID:6126,C[N+]1(CCC(=C(C2=CC=CC=C2)C3=CC=CC=C3)CC1)C.COS(=O)(=O)[O-]
CID:6215,CC1(OC2CC3C4CC(C5=CC(=O)C=CC5(C4(C(CC3(C2(O1)C(=O)CO)C)O)F)C)F)C
CID:6230,CC12CCC3C(C1CCC2(C#C)O)CCC4=CC(=O)CCC34
CID:6253,C1=CN(C(=O)N=C1N)C2C(C(C(O2)CO)O)O
CID:6256,C1C(C(OC1N2C=C(C(=O)NC2=O)C(F)(F)F)CO)O
CID:6291,CC12CCC3C(C1CCC2(C#C)O)CCC4=C3C=CC(=C4)OC
CID:6307,CCC1NC2=CC(=C(C=C2C(=O)N1)S(=O)(=O)N)Cl
CID:6476,CC1(CC(=O)N(C1=O)C)C2=CC=CC=C2
CID:6726,CN1CCN(CC1)C(C2=CC=CC=C2)C3=CC=CC=C3
CID:6729,CC(C)(C)C1=CC=C(C=C1)CN2CCN(CC2)C(C3=CC=CC=C3)C4=CC=C(C=C4)Cl
CID:6741,CC1CC2C3CCC(C3(CC(C2C4(C1=CC(=O)C=C4)C)O)C)(C(=O)CO)O
CID:6834,CN(C)CCC(C1=CC=C(C=C1)Br)C2=CC=CC=N2
CID:6883,C1C(C2C(O1)C(CO2)O[N+](=O)[O-])O[N+](=O)[O-]
CID:7028,CC(C(C1=CC=CC=C1)O)NC
CID:7099,C1=CC(=CC2=NC3=C(C=CC(=C3)N)C=C21)N
CID:7638,C1=CC=C(C=C1)COC2=CC=C(C=C2)O
CID:7699,CCCCNC1=CC=C(C=C1)C(=O)OCCOCCOCCOCCOCCOCCOCCOCCOCCOC
CID:7741,C1=C(NN=C1)CCN
CID:8223,CC1(C(=O)N2C(C(=O)N3CCCC3C2(O1)O)CC4=CC=CC=C4)NC(=O)C5CN(C6CC7=CNC8=CC=CC(=C78)C6=C5)C
CID:8226,CCC(CO)NC(=O)C1CN(C2CC3=CNC4=CC=CC(=C34)C2=C1)C
CID:8271,CCC1(C(=O)NC(=O)N(C1=O)C)C2=CC=CC=C2
CID:8280,CCC1(C(=O)N(C(=O)O1)C)C
CID:8550,COC1C(CC2CN3CCC4=C(C3CC2C1C(=O)OC)NC5=CC=CC=C45)OC(=O)C6=CC(=C(C(=C6)OC)OC)OC
CID:8612,CCN(CC)CCOC(=O)C1=C(C=C(C=C1)N)Cl
CID:8969,COC(=O)C1C(CCC2C1CC3C4=C(CCN3C2)C5=CC=CC=C5N4)O
CID:9034,CCC#CC(C)C1(C(=O)NC(=O)N(C1=O)C)CC=C
CID:9046,CC12CCC3C(C1CCC2(C#C)O)CCC4=C3C=CC(=C4)OC5CCCC5
CID:9051,CC(=O)C1CCC2C1(CCC3C2C=CC4=CC(=O)CCC34C)C
CID:9270,CC(=O)OC1CCC2C3CCC4(C(C3CCC2=C1)CCC4(C#C)OC(=O)C)C
CID:9294,CC(C(C1=CC=CC=C1)O)NC
CID:9346,CC1=C(C=CC2=C1OC(=C(C2=O)NC(=O)C3=CC(=C(C=C3)O)CC=C(C)C)O)OC4C(C(C(C(O4)(C)C)OC)OC(=O)N)O
CID:9429,CN1CCN(CC1)CCCN2C3=CC=CC=C3SC4=C2C=C(C=C4)S(=O)(=O)N(C)C
CID:9433,CN1C2=C(C(=O)N(C1=O)C)NC=N2.CN1C2=C(C(=O)N(C1=O)C)NC=N2.C(CN)N
CID:9434,C[N+](C)(CCCCCC[N+](C)(C)C1C2=CC=CC=C2C3=CC=CC=C13)C4C5=CC=CC=C5C6=CC=CC=C46.[Br-].[Br-]
CID:9444,C1=NC(=NC(=O)N1C2C(C(C(O2)CO)O)O)N
CID:9565,COCCOC1=CN=C(N=C1)NS(=O)(=O)C2=CC=CC=C2
CID:9642,CC(=O)OCC(=O)C12C(CC3C1(CC(C4(C3CC(C5=CC(=O)C=CC54C)F)F)O)C)OC(O2)(C)C
CID:9782,CC1CC2C3CCC4=CC(=O)C=CC4(C3(C(CC2(C1(C(=O)CO)O)C)O)F)C
CID:9878,CC1CC2C3CCC(C3(CC(C2(C4(C1=CC(=O)C=C4)C)F)O)C)(C(=O)C)O
CID:10180,CCN(CC)CCNC1=C2C(=C(C=C1)C)SC3=CC=CC=C3C2=O
CID:10518,CCC1(C(=O)NC(=O)NC1=O)C2=CCCCCC2
CID:10531,CC1(C(=O)N2C(C(=O)N3CCCC3C2(O1)O)CC4=CC=CC=C4)NC(=O)C5CC6C(CC7=CNC8=CC=CC6=C78)N(C5)C
CID:10547,CCOP(=O)(OCC)SCC[N+](C)(C)C.[I-]
CID:10607,COC1=CC(=CC(=C1OC)OC)C2C3C(COC3=O)C(C4=CC5=C(C=C24)OCO5)O
CID:10631,CC1CC2C(CCC3(C2CCC3(C(=O)C)O)C)C4(C1=CC(=O)CC4)C
CID:10635,CC12CCC(=O)CC1CCC3C2CCC4(C3CCC4O)C
CID:10770,CC(CNC1CCCCC1)OC(=O)C2=CC=CC=C2
CID:10917,C[N+](C)(C)CC(CC(=O)[O-])O
CID:11289,COC1=CC=C(C=C1)C(=C(C2=CC=C(C=C2)OC)Cl)C3=CC=C(C=C3)OC
CID:11291,CN1CCC2=C(C1)C(C3=CC=CC=C23)C4=CC=CC=C4
CID:12620,CCCCCCCCCCCCCCCCCCCCCCO
CID:13109,CCC12CCC3C(C1CCC2(C#C)O)CCC4=CC(=O)CCC34
CID:13769,CC12CCC3C(C1CCC(=O)O2)CCC4=CC(=O)C=CC34C
CID:14677,CN1CCC(C1)CN2C3=CC=CC=C3SC4=CC=CC=C42
CID:15130,CCC(C(CC(C)N(C)C)(C1=CC=CC=C1)C2=CC=CC=C2)OC(=O)C
CID:15209,CC1(OC2CC3C4CC(C5=CC(=O)CCC5(C4C(CC3(C2(O1)C(=O)CO)C)O)C)F)C
CID:16231,C1(=C(N=C(C(=N1)Cl)N)N)C(=O)N=C(N)N
CID:16362,C1CN(CCC1N2C3=CC=CC=C3NC2=O)CCCC(C4=CC=C(C=C4)F)C5=CC=C(C=C5)F
CID:16666,CC1CCC(C(C1)O)C(C)C
CID:16960,CN(C)CCC(C1=CC=C(C=C1)Br)C2=CC=CC=N2
CID:17134,COC1=C(N=CN=C1OC)NS(=O)(=O)C2=CC=C(C=C2)N
CID:19003,CC1(C(N2C(S1)C(C2=O)NC(=O)C3(CCCCC3)N)C(=O)O)C
CID:19861,CN1CCC(=C2C3=CC=CC=C3CCC4=C2N=CC=C4)CC1
CID:20279,C1C(C(OC1N2C=NC3=C(N=C(N=C32)Cl)N)CO)O
CID:20299,CC[N+](CC)(CC)CCC(C1CCCCC1)(C2=CC=CC=C2)O
CID:21233,C[N+]1(CCC2=CC(=C3C=C2C1CC4=CC=C(C=C4)OC5=C6C(CC7=CC(=C(C=C7)OC)O3)[N+](CCC6=CC(=C5OC)OC)(C)C)OC)C
CID:23576,C1CC2C3C(C[S+]2C1)N(C(=O)N3CC4=CC=CC=C4)CC5=CC=CC=C5
CID:23897,CCC1=C(NC2=C1C(=O)C(CC2)CN3CCOCC3)C
CID:23925,[Fe]
CID:23994,[Zn]
CID:24083,[O-]S(=O)(=O)[O-].[Mg+2]
CID:24244,C[N+]1(CCC2=CC(=C3C=C2C1CC4=CC=C(C=C4)OC5=C6C(CC7=CC(=C(C=C7)OC)O3)[N+](CCC6=CC(=C5OC)OC)(C)C)OC)C.[I-].[I-]
CID:25210,COC(CNC(=O)N)C[Hg]Cl
CID:25419,C(P(=O)(O)O)(P(=O)(O)O)(Cl)Cl
CID:26035,CC(CN1C2=CC=CC=C2SC3=C1C=C(C=C3)C(=O)C)N(C)C
CID:26879,C1CSC2=NC(CN21)C3=CC=CC=C3
CID:26987,CC(C1=CC=CC=C1)(C2=CC=C(C=C2)Cl)OCCC3CCCN3C
CID:28417,CC12CCC3C(C1CCC2(C#C)O)CCC4=CC5=C(CC34C)C=NO5
CID:28864,CCN(CC)C(=O)NC1CN(C2CC3=CNC4=CC=CC(=C34)C2=C1)C
CID:30323,CC1C(C(CC(O1)OC2CC(CC3=C2C(=C4C(=C3O)C(=O)C5=C(C4=O)C(=CC=C5)OC)O)(C(=O)C)O)N)O
CID:30668,CC(C1=NCCN1)OC2=C(C=CC=C2Cl)Cl
CID:30751,C1=NC2=C(N=C(N=C2N1C3C(C(C(O3)COP(=O)(O)O)O)O)F)N
CID:31072,CCOC(=O)N1C=CN(C1=S)C
CID:31101,CC(C)CC1C(=O)N2CCCC2C3(N1C(=O)C(O3)(C(C)C)NC(=O)C4CN(C5CC6=C(NC7=CC=CC(=C67)C5=C4)Br)C)O
CID:31304,CC(=C)C1C2C3C4(C(C1C(=O)O2)(CC5C4(O5)C(=O)O3)O)C.CC12C3C4C(C(C1(CC5C2(O5)C(=O)O3)O)C(=O)O4)C(C)(C)O
CID:31307,CC12CC(C3(C(C1CC(C2(C(=O)CO)O)O)CCC4=CC(=O)C=CC43C)F)O
CID:31378,CC12CCC(=O)C=C1CCC3C2(C(CC4(C3CCC4(C(=O)CO)O)C)O)F
CID:31401,CC(CCC(=O)O)C1CCC2C1(CCC3C2C(CC4C3(CCC(C4)O)C)O)C
CID:31477,CC1=CC(=C(C(=C1OC(=O)C)C)C)OCC(CNC(C)C)O
CID:31703,CC1C(C(CC(O1)OC2CC(CC3=C2C(=C4C(=C3O)C(=O)C5=C(C4=O)C(=CC=C5)OC)O)(C(=O)CO)O)N)O
CID:32778,CC1=CC(=NO1)C(=O)NCCC2=CC=C(C=C2)S(=O)(=O)NC(=O)NN3CCCCCC3
CID:33572,CC(C(C1=CC=C(C=C1)O)O)NCCC2=CC=C(C=C2)O
CID:33741,CN(C)CC1CCCCC1(C2=CC(=CC=C2)OC)O
CID:33746,CC1=CC(=O)N2CC(=O)N(C3=C(C2(O1)C4=CC=CC=C4)C=C(C=C3)Cl)C
CID:33887,C=CCNC1=NC(=NC(=N1)N2CCN(CC2)C(C3=CC=C(C=C3)F)C4=CC=C(C=C4)F)NCC=C
CID:34040,CN1CC(CC2(C1CC3=CN(C4=CC=CC2=C34)C)OC)COC(=O)C5=CC(=CN=C5)Br
CID:34312,C1C2=CC=CC=C2N(C3=CC=CC=C3C1=O)C(=O)N
CID:34633,CCOC(=O)NC1=CC2=C(C=C1)SC3=CC=CC=C3N2C(=O)CCN4CCOCC4
CID:34698,COC1=CC(=CC(=C1O)OC)C2C3C(COC3=O)C(C4=CC5=C(C=C24)OCO5)OC6C(C(C7C(O6)COC(O7)C8=CC=CS8)O)O
CID:36314,CC1=C2C(C(=O)C3(C(CC4C(C3C(C(C2(C)C)(CC1OC(=O)C(C(C5=CC=CC=C5)NC(=O)C6=CC=CC=C6)O)O)OC(=O)C7=CC=CC=C7)(CO4)OC(=O)C)O)C)OC(=O)C
CID:36462,CC1OCC2C(O1)C(C(C(O2)OC3C4COC(=O)C4C(C5=CC6=C(C=C35)OCO6)C7=CC(=C(C(=C7)OC)O)OC)O)O
CID:36523,CC(C)CC(C(=O)NC(CCCN=C(N)N)C(=O)N1CCCC1C(=O)NCC(=O)N)NC(=O)CNC(=O)C(CC2=CC=C(C=C2)O)NC(=O)C(CO)NC(=O)C(CC3=CNC4=CC=CC=C43)NC(=O)C(CC5=CN=CN5)NC(=O)C6CCC(=O)N6
CID:36811,CC(CCC1=CC=C(C=C1)O)NCCC2=CC(=C(C=C2)O)O
CID:37393,CCCCN(CCCC)CCC(C1=C2C=CC(=CC2=C3C=C(C=C(C3=C1)Cl)Cl)C(F)(F)F)O
CID:37464,CC(C)(C)NCC(COC1=CC=CC=C1C2CCCC2)O
CID:37542,C1=NC(=NN1C2C(C(C(O2)CO)O)O)C(=O)N
CID:37632,CN(C)CC1=NN=C2N1C3=C(C=C(C=C3)Cl)C(=NC2)C4=CC=CC=C4
CID:37720,C1C(C(C(C(O1)OC2COC(C(C2OS(=O)(=O)O)OS(=O)(=O)O)O)OS(=O)(=O)O)OS(=O)(=O)O)O
CID:38521,C1CCC2(CC1)OCC(O2)CN=C(N)N
CID:38853,CC(CC1=CC(=C(C=C1)O)O)(C(=O)O)N
CID:38945,CC1=C(C(=CC=C1)C)NC(=O)C(C)N
CID:39042,CC(C)(C(=O)O)OC1=CC=C(C=C1)CCNC(=O)C2=CC=C(C=C2)Cl
CID:39147,CC(C)(C)NCC(COC1=CC=CC2=C1CC(C(C2)O)O)O
CID:39186,CC(=O)OC1C(SC2=CC=CC=C2N(C1=O)CCN(C)C)C3=CC=C(C=C3)OC
CID:39468,CC(C)(C)NCC(COC1=CC=CC2=C1CCCC2=O)O
CID:39507,CCC(=O)C1(C(CC2C1(CC(C3C2CCC4=CC(=O)C=CC34C)O)C)C)C
CID:39765,CC(=O)OC1CC2CCC3C(C2(CC1N4CCCCC4)C)CCC5(C3CC(C5OC(=O)C)[N+]6(CCCCC6)C)C
CID:40326,CC1(C(C1C(=O)OCC2=CC(=CC=C2)OC3=CC=CC=C3)C=C(Cl)Cl)C
CID:40839,CCC1(CC2CC(C3=C(CCN(C2)C1)C4=CC=CC=C4N3)(C5=C(C=C6C(=C5)C78CCN9C7C(C=CC9)(C(C(C8N6C)(C(=O)N)O)O)CC)OC)C(=O)OC)O
CID:40973,CCC12CC(=C)C3C(C1CCC2(C#C)O)CCC4=CCCCC34
CID:41693,CCC(=O)N(C1=CC=CC=C1)C2(CCN(CC2)CCC3=CC=CS3)COC
CID:41744,CCCCC(=O)OCC(=O)C1(CC(C2=C(C1)C(=C3C(=C2O)C(=O)C4=C(C3=O)C=CC=C4OC)O)OC5CC(C(C(O5)C)O)NC(=O)C(F)(F)F)O
CID:41781,CC1=CC(=CC=C1)NC2=C(C=NC=C2)S(=O)(=O)NC(=O)NC(C)C
CID:41867,CC1C(C(CC(O1)OC2CC(CC3=C2C(=C4C(=C3O)C(=O)C5=C(C4=O)C(=CC=C5)OC)O)(C(=O)CO)O)N)O
CID:42113,C(C(F)(F)F)(OC(F)F)F
CID:42890,CC1C(C(CC(O1)OC2CC(CC3=C2C(=C4C(=C3O)C(=O)C5=CC=CC=C5C4=O)O)(C(=O)C)O)N)O
CID:43008,COC1=CC2=NNN=C2C=C1C(=O)NCC3CCCN3CC=C
CID:43815,C1CNCC(C1C2=CC=C(C=C2)F)COC3=CC4=C(C=C3)OCO4
CID:44093,CC(CS)C(=O)N1CCCC1C(=O)O
CID:44185,CCN1CCN(C(=O)C1=O)C(=O)NC(C2=CC=C(C=C2)O)C(=O)NC3C4N(C3=O)C(=C(CS4)CSC5=NN=NN5C)C(=O)O
CID:47319,C[N+]1(CCC2=CC(=C(C=C2C1CC3=CC(=C(C=C3)OC)OC)OC)OC)CCC(=O)OCCCCCOC(=O)CC[N+]4(CCC5=CC(=C(C=C5C4CC6=CC(=C(C=C6)OC)OC)OC)OC)C
CID:47472,C1=CC(=C(C(=C1)Cl)SC(CCC2=CC=C(C=C2)Cl)CN3C=CN=C3)Cl
CID:47499,CN1C(=NN=N1)SCC2=C(N3C(C(C3=O)(NC(=O)C(C4=CC=C(C=C4)O)C(=O)O)OC)OC2)C(=O)O
CID:47641,CN(CC=CC1=CC=CC=C1)CC2=CC=CC3=CC=CC=C32
CID:48175,CCC(=O)OC1(C(CC2C1(CC(C3(C2CC(C4=CC(=O)C=CC43C)F)F)O)C)C)C(=O)CCl
CID:50192,CC(=O)OC1CC2CCC3C(C2(CC1N4CC[N+](CC4)(C)C)C)CCC5(C3CC(C5OC(=O)C)N6CC[N+](CC6)(C)C)C
CID:50294,CCCC1=C2C(=CC3=C1OC(=CC3=O)C(=O)O)C(=O)C=C(N2CC)C(=O)O
CID:50599,C1CC(OC1CO)N2C=NC3=C2NC=NC3=O
CID:51081,CCN1C=C(C(=O)C2=CC(=C(C=C21)N3CCN(CC3)C)F)C(=O)O
CID:51634,CCCCN1CC(C(C(C1CO)O)O)O
CID:52195,CC(C)NCCCC1(C2=CC=CC=C2C3=CC=CC=C31)C(=O)N
CID:52421,CCC(=O)OCC(=O)C1(CCC2C1(CC(C3C2CCC4=CC(=O)C=CC34C)O)C)OC(=O)OCC
CID:53232,CCC(C)C(=O)OC1CC(C=C2C1C(C(C=C2)C)CCC3CC(CC(=O)O3)O)C
CID:53708,CC1=C(NC(=O)N1)C(=O)C2=CC=C(C=C2)SC
CID:54385,CC1CN(CCC1(C2=CC=CC=C2)C(=O)O)C3CCC(CC3)(C#N)C4=CC=C(C=C4)F
CID:54575,C1C(N(C2=C(N1)NC(=NC2=O)N)C=O)CNC3=CC=C(C=C3)C(=O)NC(CCC(=O)O)C(=O)O
CID:54687,CCC(C)C(=O)OC1CC(C=C2C1C(C(C=C2)C)CCC(CC(CC(=O)O)O)O)O
CID:54746,CCNC(=O)N(CCCN(C)C)C(=O)C1CC2C(CC3=CNC4=CC=CC2=C34)N(C1)CC=C
CID:54766,CC(C)(C)NCC(C1=CC(=CC(=C1)OC(=O)N(C)C)OC(=O)N(C)C)O
CID:54841,CC1=CC=CC=C1OC(CCNC)C2=CC=CC=C2
CID:54892,CCOC(=O)C(CCC1=CC=CC=C1)NC(C)C(=O)N2CC3=CC=CC=C3CC2C(=O)O
CID:55245,CC#CC1(CCC2C1(CC(C3=C4CCC(=O)C=C4CCC23)C5=CC=C(C=C5)N(C)C)C)O
CID:55283,CCC(C)N1C(=O)N(C=N1)C2=CC=C(C=C2)N3CCN(CC3)C4=CC=C(C=C4)OCC5COC(O5)(CN6C=NC=N6)C7=C(C=C(C=C7)Cl)Cl
CID:55891,CCC(=O)OC(C(C)C)OP(=O)(CCCCC1=CC=CC=C1)CC(=O)N2CC(CC2C(=O)O)C3CCCCC3
CID:56339,C1=CC=C(C=C1)C2(C(=O)N(C(=O)N2)COP(=O)(O)O)C3=CC=CC=C3
CID:56959,CC1=C(C(=CC=C1)C)NC(=O)CN2CCN(CC2)CC(COC3=CC=CC=C3OC)O
CID:57363,CC12CCC3C(C1CCC2C(=O)NC(C)(C)C)CCC4C3(C=CC(=O)N4)C
CID:57469,CC(C)CN1C=NC2=C1C3=CC=CC=C3N=C2N
CID:57697,CC1=CC=CN2C1=NC=C(C2=O)C3=NNN=N3
CID:59768,CC(C)NCC(COC1=CC=C(C=C1)CCC(=O)OC)O
CID:60164,COC1=C(C=C(C=C1)C2=CC3=C(C=C2)C=C(C=C3)C(=O)O)C45CC6CC(C4)CC(C6)C5
CID:60169,C[N+]1(CCC2=CC(=C(C(=C2C1CC3=CC(=C(C(=C3)OC)OC)OC)OC)OC)OC)CCCOC(=O)CCC(=O)OCCC[N+]4(CCC5=CC(=C(C(=C5C4CC6=CC(=C(C(=C6)OC)OC)OC)OC)OC)OC)C
CID:60198,CC12CCC3C(C1CCC2=O)CC(=C)C4=CC(=O)C=CC34C
CID:60464,CC1CN(CC(N1)C)C2=C(C(=C3C(=C2F)N(C=C(C3=O)C(=O)O)C4CC4)N)F
CID:60490,CC(C1=CC2=CC=CC=C2S1)N(C(=O)N)O
CID:60648,CC1=C(SC=C1)C(=CCCN2CCCC(C2)C(=O)O)C3=C(C=CS3)C
CID:60654,C1C2CC3CC(CC1N3CC2=O)OC(=O)C4=CNC5=CC=CC=C54
CID:60700,CCC1(C2=C(COC1=O)C(=O)N3CC4=CC5=C(C=CC(=C5CN(C)C)O)N=C4C3=C2)O
CID:60726,C1=CC(=C(C(=C1)C(=O)C2=CC=C(C=C2)Br)N)CC(=O)O
CID:60750,C1=CN(C(=O)N=C1N)C2C(C(C(O2)CO)O)(F)F
CID:60753,CCCCCCCN(CC)CCCC(C1=CC=C(C=C1)NS(=O)(=O)C)O
CID:60787,CC(C)(C)NC(=O)C1CC2CCCCC2CN1CC(C(CC3=CC=CC=C3)NC(=O)C(CC(=O)N)NC(=O)C4=NC5=CC=CC=C5C=C4)O
CID:60789,C1=CC(=CC=C1CCCCNCC(C2=CC(=C(C=C2)O)O)O)O
CID:60795,C1CC(=O)NC2=C1C=CC(=C2)OCCCCN3CCN(CC3)C4=C(C(=CC=C4)Cl)Cl
CID:60815,CCC(=O)N(C1=CC=CC=C1)C2(CCN(CC2)CCC(=O)OC)C(=O)OC
CID:60823,CC(C)C1=C(C(=C(N1CCC(CC(CC(=O)O)O)O)C2=CC=C(C=C2)F)C3=CC=CC=C3)C(=O)NC4=CC=CC=C4
CID:60835,CNCCC(C1=CC=CS1)OC2=CC=CC3=CC=CC=C32
CID:60838,CCC1=C2CN3C(=CC4=C(C3=O)COC(=O)C4(CC)O)C2=NC5=C1C=C(C=C5)OC(=O)N6CCC(CC6)N7CCCCC7
CID:60843,C1=CC(=CC=C1CCC2=CNC3=C2C(=O)N=C(N3)N)C(=O)NC(CCC(=O)O)C(=O)O
CID:60846,CCCCC(=O)N(CC1=CC=C(C=C1)C2=CC=CC=C2C3=NNN=N3)C(C(C)C)C(=O)O
CID:60852,CCCCCN(C)CCC(O)(P(=O)(O)O)P(=O)(O)O
CID:60854,C1CN(CCN1CCC2=C(C=C3C(=C2)CC(=O)N3)Cl)C4=NSC5=CC=CC=C54
CID:60855,CC(=O)NC1C(C=C(OC1C(C(CO)O)O)C(=O)O)N=C(N)N
CID:60919,CC1=C2CCC(=O)N(C2=NC(=N1)C)CC3=CC=C(C=C3)C4=CC=CC=C4C5=NNN=N5
CID:60921,CCC1=NC(=C(N1CC2=CC3=C(C=C2)OC(=C3Br)C4=CC=CC=C4NS(=O)(=O)C(F)(F)F)C(=O)N)C5CC5
CID:60937,C1=CC(=CC=C1SC(P(=O)(O)O)P(=O)(O)O)Cl
CID:60947,CCCCS(=O)(=O)NC(CC1=CC=C(C=C1)OCCCCC2CCNCC2)C(=O)O
CID:60953,CCCCCOC(=O)NC1=NC(=O)N(C=C1F)C2C(C(C(O2)C)O)O
CID:60961,C1=NC(=C2C(=N1)N(C=N2)C3C(C(C(O3)CO)O)O)N
CID:61635,[N+](=O)([O-])[O-].[N+](=O)([O-])[O-].[N+](=O)([O-])[O-].[Ga+3]
CID:62867,CN(C)S(=O)(=O)C1=CC2=C(C=C1)SC3=CC=CC=C3N2CCCN4CCC(CC4)CCO
CID:62886,C[N+]1(CCC2=CC(=C(C=C2C1CC3=CC(=C(C=C3)OC)OC)OC)OC)CCC(=O)OCCCCCOC(=O)CC[N+]4(CCC5=CC(=C(C=C5C4CC6=CC(=C(C=C6)OC)OC)OC)OC)C.C1=CC=C(C=C1)S(=O)(=O)[O-].C1=CC=C(C=C1)S(=O)(=O)[O-]
CID:62959,C1C2C(C2N)CN1C3=C(C=C4C(=O)C(=CN(C4=N3)C5=C(C=C(C=C5)F)F)C(=O)O)F
CID:65028,CCC(CC)OC1C=C(CC(C1NC(=O)C)N)C(=O)OCC
CID:65513,C1=C(NC=N1)CCN.OP(=O)(O)O.OP(=O)(O)O
CID:65833,CCN(CC)C(=O)C1(CC1CN)C2=CC=CC=C2
CID:65856,CCOC1=CC=CC=C1OC(C2CNCCO2)C3=CC=CC=C3
CID:65863,C1=CC2=C(C(=C1)Cl)SC=C2COC(CN3C=CN=C3)C4=C(C=C(C=C4)Cl)Cl
CID:65866,CC1=C(C(C(=C(N1)C)C(=O)OC(C)(C)CN(C)CCC(C2=CC=CC=C2)C3=CC=CC=C3)C4=CC(=CC=C4)[N+](=O)[O-])C(=O)OC
CID:65981,CCOC1=C(C=CC(=C1)CC(=O)NC(CC(C)C)C2=CC=CC=C2N3CCCCC3)C(=O)O
CID:65999,CCCC1=NC2=C(N1CC3=CC=C(C=C3)C4=CC=CC=C4C(=O)O)C=C(C=C2C)C5=NC6=CC=CC=C6N5C
CID:68617,CNC1CCC(C2=CC=CC=C12)C3=CC(=C(C=C3)Cl)Cl
CID:68723,C1CN(CCN1CCOC(=O)C2=CC=CC=C2NC3=C4C=CC(=CC4=NC=C3)C(F)(F)F)C5=CC=CC(=C5)C(F)(F)F
CID:68740,C1=CN(C=N1)CC(O)(P(=O)(O)O)P(=O)(O)O
CID:68844,CCNC1CN(S(=O)(=O)C2=C1C=C(S2)S(=O)(=O)N)CCCOC
CID:68873,CC12CCC(=O)C=C1C3CC3C4C2CCC5(C4C6CC6C57CCC(=O)O7)C
CID:71158,CC(=O)NCCCS(=O)(=O)O
CID:71301,C1CC2=C(C=CC(=C2)F)OC1C(CNCC(C3CCC4=C(O3)C=CC(=C4)F)O)O
CID:71329,CN(CCC1=CC=C(C=C1)NS(=O)(=O)C)CCOC2=CC=C(C=C2)NS(=O)(=O)C
CID:71364,C1CCC2C(C1)CC(N2C(=O)C3CC4=CC=CC=C4CN3C(=O)C(CO)NC(=O)C(CC5=CC=CS5)NC(=O)CNC(=O)C6CC(CN6C(=O)C7CCCN7C(=O)C(CCCN=C(N)N)NC(=O)C(CCCN=C(N)N)N)O)C(=O)NC(CCCN=C(N)N)C(=O)O
CID:71371,C1=CC(=C(C=C1OC2=C(C=C(C=C2I)CC(C(=O)[O-])N)I)I)O.C1=C(C=C(C(=C1I)OC2=CC(=C(C(=C2)I)O)I)I)CC(C(=O)[O-])N.[Na+].[Na+]
CID:71384,CC(CN1CC(=O)NC(=O)C1)N2CC(=O)NC(=O)C2
CID:71398,CC(CC1=CC(=C(C=C1)O)O)C(C)CC2=CC(=C(C=C2)O)O
CID:71616,CC(C1=NC=NC=C1F)C(CN2C=NC=N2)(C3=C(C=C(C=C3)F)F)O
CID:72081,C1CC(N(C1)C(=O)C2CSSCC(C(=O)NC(C(=O)NC(C(=O)NC(C(=O)NC(C(=O)N2)CC(=O)N)CCC(=O)N)CC3=CC=CC=C3)CC4=CC=C(C=C4)O)NC(=O)CNC(=O)CNC(=O)CN)C(=O)NC(CCCCN)C(=O)NCC(=O)N
CID:72281,COC1=C(C=C(C=C1)C2CC(=O)C3=C(C=C(C=C3O2)O)O)O
CID:72287,CC(CN1C2=CC=CC=C2SC3=C1C=C(C=C3)OC)CN(C)C
CID:74989,C1CC(CCC1C2=CC=C(C=C2)Cl)C3=C(C4=CC=CC=C4C(=O)C3=O)O
CID:77991,CCN(C)C(=O)OC1=CC=CC(=C1)C(C)N(C)C
CID:77992,CNC1CCC2=C(C1)C3=C(N2)C=CC(=C3)C(=O)N
CID:77993,CN1CCCC1CC2=CNC3=C2C=C(C=C3)CCS(=O)(=O)C4=CC=CC=C4
CID:77999,CN(CCOC1=CC=C(C=C1)CC2C(=O)NC(=O)S2)C3=CC=CC=N3
CID:82146,CC1=CC2=C(C=C1C(=C)C3=CC=C(C=C3)C(=O)O)C(CCC2(C)C)(C)C
CID:82153,CC1(OC2CC3C4CC(C5=CC(=O)C=CC5(C4C(CC3(C2(O1)C(=O)CO)C)O)C)F)C
CID:91270,CCOC(=O)C(CCC1=CC=CC=C1)NC(C)C(=O)N2CC3=CC(=C(C=C3CC2C(=O)O)OC)OC
CID:91610,CC1(C2=C(C=C(C=C2)OC)C(=O)N(C1=O)CCC3=CC=C(C=C3)S(=O)(=O)NC(=O)NC4CCCCC4)C
CID:92253,CCCCN1CCCCC1C(=O)NC2=C(C=CC=C2C)C
CID:104758,CC1=NC(=O)C2=C(N1)C=CC(=C2)CN(C)C3=CC=C(S3)C(=O)NC(CCC(=O)O)C(=O)O
CID:104850,CC1=C(N(N=C1C(=O)NN2CCCCC2)C3=C(C=C(C=C3)Cl)Cl)C4=CC=C(C=C4)Cl
CID:104865,CC(C)(C)C1=CC=C(C=C1)S(=O)(=O)NC2=C(C(=NC(=N2)C3=NC=CC=N3)OCCO)OC4=CC=CC=C4OC
CID:107807,CCCC(C(=O)OCC)NC(C)C(=O)N1C2CCCCC2CC1C(=O)O
CID:108143,CC1(CCC(C2=C1C=CC(=C2)NC(=O)C3=CC=C(C=C3)C(=O)O)(C)C)C
CID:110634,CCCC1=NC(=C2N1NC(=NC2=O)C3=C(C=CC(=C3)S(=O)(=O)N4CCN(CC4)CC)OCC)C
CID:110635,CN1CC(=O)N2C(C1=O)CC3=C(C2C4=CC5=C(C=C4)OCO5)NC6=CC=CC=C36
CID:115100,C1=CC=C(C=C1)CCCCOC2=CC=C(C=C2)C(=O)NC3=CC4=C(C=C3)C(=O)C=C(O4)C5=NNN=N5
CID:115237,CC1=C(C(=O)N2CCCC(C2=N1)O)CCN3CCC(CC3)C4=NOC5=C4C=CC(=C5)F
CID:115355,C1CC(=O)C(C(=O)C1)C(=O)C2=C(C=C(C=C2)C(F)(F)F)[N+](=O)[O-]
CID:119031,CC(C)CC(C(C(=O)NO)O)C(=O)NC(C(=O)NC)C(C)(C)C
CID:119182,C1=NC2=C(N=C(N=C2N1C3C(C(C(O3)CO)O)F)Cl)N
CID:123606,CN(C)CCC1=CNC2=C1C=C(C=C2)CS(=O)(=O)N3CCCC3
CID:123619,CC1=NC=C(C=C1)C2=C(C=C(C=N2)Cl)C3=CC=C(C=C3)S(=O)(=O)C
CID:123631,COC1=C(C=C2C(=C1)N=CN=C2NC3=CC(=C(C=C3)F)Cl)OCCCN4CCOCC4
CID:124087,C1CC2=C(C=CC(=C2)Cl)C(=C3CCNCC3)C4=C1C=CC=N4
CID:126941,CN(CC1=CN=C2C(=N1)C(=NC(=N2)N)N)C3=CC=C(C=C3)C(=O)NC(CCC(=O)O)C(=O)O
CID:129211,CCOC1=CC=CC=C1OCCNC(C)CC2=CC(=C(C=C2)OC)S(=O)(=O)N
CID:132706,CCCCC1=NN(C(=N1)CCCC)CC2=CN=C(C=C2)C3=CC=CC=C3C4=NNN=N4
CID:146570,CN(C)CCCC1(C2=C(CO1)C=C(C=C2)C#N)C3=CC=C(C=C3)F
CID:147912,CCC(C(C)O)N1C(=O)N(C=N1)C2=CC=C(C=C2)N3CCN(CC3)C4=CC=C(C=C4)OCC5CC(OC5)(CN6C=NC=N6)C7=C(C=C(C=C7)F)F
CID:148124,CC1=C2C(C(=O)C3(C(CC4C(C3C(C(C2(C)C)(CC1OC(=O)C(C(C5=CC=CC=C5)NC(=O)OC(C)(C)C)O)O)OC(=O)C6=CC=CC=C6)(CO4)OC(=O)C)O)C)O
CID:148192,CC(C)(C)C(C(=O)NC(CC1=CC=CC=C1)C(CN(CC2=CC=C(C=C2)C3=CC=CC=N3)NC(=O)C(C(C)(C)C)NC(=O)OC)O)NC(=O)OC
CID:148211,C1CC2CN(C(=O)C3=CC=CC(=C23)C1)C4CN5CCC4CC5
CID:149096,CC1COC2=C3N1C=C(C(=O)C3=CC(=C2N4CCN(CC4)C)F)C(=O)O
CID:150311,C1=CC(=CC=C1C2C(C(=O)N2C3=CC=C(C=C3)F)CCC(C4=CC=C(C=C4)F)O)O
CID:151166,CC1=CC(=C(C=C1)NC2=C(C=CC=C2Cl)F)CC(=O)O
CID:151171,CC1=NC2=C(N1)CCN(C3=CC=CC=C32)C(=O)C4=CC=C(C=C4)NC(=O)C5=CC=CC=C5C6=CC=CC=C6
CID:152946,COC1=C2C(=CC(=C1N3CC4CCCNC4C3)F)C(=O)C(=CN2C5CC5)C(=O)O
CID:152951,CC1CCN(C(C1)C(=O)O)C(=O)C(CCCN=C(N)N)NS(=O)(=O)C2=CC=CC3=C2NCC(C3)C
CID:156419,CC(C1=CC=CC2=CC=CC=C21)NCCCC3=CC(=CC=C3)C(F)(F)F
CID:157922,COC(=O)CCC(=O)CN
CID:176870,COCCOC1=C(C=C2C(=C1)C(=NC=N2)NC3=CC=CC(=C3)C#C)OCCOC
CID:208902,CCC(=O)NCCC1CCC2=C1C3=C(C=C2)OCC3
CID:208908,CS(=O)(=O)CCNCC1=CC=C(O1)C2=CC3=C(C=C2)N=CN=C3NC4=CC(=C(C=C4)OCC5=CC(=CC=C5)F)Cl
CID:216239,CNC(=O)C1=NC=CC(=C1)OC2=CC=C(C=C2)NC(=O)NC3=CC(=C(C=C3)Cl)C(F)(F)F
CID:216326,C1CC(=O)NC(=O)C1N2CC3=C(C2=O)C=CC=C3N
CID:216457,C1CN2CCC1C(C2)OC(=O)N3CCC4=CC=CC=C4C3C5=CC=CC=C5.C(CC(=O)O)C(=O)O
CID:235905,CC12CCC3C(C1CCC2(CC=C)O)CCC4=CCCCC34
CID:247839,CC1CC2C3CCC(C3(CC(C2C4(C1=CC(=O)CC4)C)O)C)C(=O)C
CID:287180,CCN1C=C(C(=O)C2=C1C=C(C=C2)C3=CC=NC=C3)C(=O)O
CID:439213,C(C1C(C(C(C(O1)O)N)O)O)O
CID:439260,C1=CC(=C(C=C1C(CN)O)O)O
CID:439501,CC1C(C(C(C(O1)OC2CC(C3(C4C(CCC3(C2)O)C5(CCC(C5(CC4O)C)C6=CC(=O)OC6)O)CO)O)O)O)O
CID:439693,C1C(C(OC1N2C=NC3=C2NC=NCC3O)CO)O
CID:440473,C1=CN(C=C(C1=O)O)CC(C(=O)O)N
CID:441074,COC1=CC2=C(C=CN=C2C=C1)C(C3CC4CCN3CC4C=C)O
CID:441140,CC1CC(=O)C=C(C12C(=O)C3=C(O2)C(=C(C=C3OC)OC)Cl)OC
CID:441184,CC1C(C(C(C(O1)OC2C(OC(C(C2O)O)OC3C(OC(C(C3O)O)O)CO)CO)O)O)NC4C=C(C(C(C4O)O)O)CO
CID:441207,CC1C(C(CC(O1)OC2C(OC(CC2O)OC3C(OC(CC3O)OC4CCC5(C(C4)CCC6C5CCC7(C6(CCC7C8=CC(=O)OC8)O)C)C)C)C)O)O
CID:441233,C1C(C1N)C2=CC=CC=C2
CID:441278,CC1C2CC3=C(C1(CCN2CC=C(C)C)C)C=C(C=C3)O
CID:441281,CN1C(=C2C(=NC(=N2)Cl)N(C1=O)C)[O-].C[NH+](C)CCOC(C1=CC=CC=C1)C2=CC=CC=C2
CID:441289,CC(=O)OC1CC2CCC3C(C2(CC1[N+]4(CCCCC4)C)C)CCC5(C3CC(C5OC(=O)C)[N+]6(CCCCC6)C)C
CID:441290,CC(=O)OC1C(CC2C1(CCC3C2CCC4C3(CC(C(C4)O)N5CCOCC5)C)C)[N+]6(CCCC6)CC=C
CID:441314,C1C(C(C(C(N1CCO)CO)O)O)O
CID:441341,CCC(C(=O)N)N1CCCC1=O
CID:441350,CC(CC1=CC=C(C=C1)O)(C(=O)O)N
CID:441383,CC(C)N1CCN(CC1)C2=CC=C(C=C2)OCC3COC(O3)(CN4C=NC=N4)C5=C(C=C(C=C5)Cl)Cl
CID:443884,CC(CO)NC(=O)C1CN(C2CC3=CNC4=CC=CC(=C34)C2=C1)C
CID:443940,C1=CC(=C(C=C1C(C(C(=O)O)N)O)O)O
CID:443958,CC(=O)OCC(=O)C12C(CC3C1(CC(C4(C3CCC5=CC(=O)C=CC54C)F)O)C)OC6(O2)CCCC6
CID:443980,CC1CC2C3CC(C4=CC(=O)C=CC4(C3(C(CC2(C1(C(=O)COC(=O)C(C)(C)C)O)C)O)F)C)F
CID:444007,CC(C)COC(=O)NCCC(=O)NC(CC1=CNC2=CC=CC=C21)C(=O)NC(CCSC)C(=O)NC(CC(=O)O)C(=O)NC(CC3=CC=CC=C3)C(=O)N
CID:444020,C1C(C(C(C(C1(CO)O)O)O)O)NC(CO)CO
CID:444031,C1CN(CC1C(C2=CC=CC=C2)(C3=CC=CC=C3)C(=O)N)CCC4=CC5=C(C=C4)OCC5
CID:444033,CC(C)C(=O)OCC(=O)C12C(CC3C1(CC(C4C3CCC5=CC(=O)C=CC45C)O)C)OC(O2)C6CCCCC6
CID:444036,CCC(=O)OC1(C(CC2C1(CC(C3(C2CC(C4=CC(=O)C=CC43C)F)F)O)C)C)C(=O)SCF
CID:445154,C1=CC(=CC=C1C=CC2=CC(=CC(=C2)O)O)O
CID:446220,CN1C2CCC1C(C(C2)OC(=O)C3=CC=CC=C3)C(=O)OC
CID:446541,CC1=C2COC(=O)C2=C(C(=C1OC)CC=C(C)CCC(=O)O)O
CID:448537,CCC(=C(CC)C1=CC=C(C=C1)O)C2=CC=C(C=C2)O
CID:451668,C1C(C(OC1N2C=NC(=NC2=O)N)CO)O
CID:656652,CN1C(=C2C(=NC=N2)N(C1=O)C)[O-].C[N+](C)(C)CCO
CID:656719,CCCCC(C1(CCC2C(O1)CC(=O)C2CCCCCCC(=O)O)O)(F)F
CID:657298,CCCC1=CC(=O)NC(=S)N1
CID:667490,C1=NC2=C(N1)C(=S)N=CN2
CID:688561,CCC(C(C1=C2C=CC(=O)NC2=C(C=C1)O)O)NC(C)C
CID:908828,CN1CCC23C=CC(CC2OC4=C(C=CC(=C34)C1)OC)O
CID:941361,C1CN(CCN1CC=CC2=CC=CC=C2)C(C3=CC=C(C=C3)F)C4=CC=C(C=C4)F
CID:941651,CN1CCN(CC1)CCC=C2C3=CC=CC=C3SC4=C2C=C(C=C4)S(=O)(=O)N(C)C
CID:969472,CN1CCN(CC1)C(=O)OC2C3=NC=CN=C3C(=O)N2C4=NC=C(C=C4)Cl
CID:1349907,CN1C=CNC1=S
CID:1547484,C1CN(CCN1CC=CC2=CC=CC=C2)C(C3=CC=CC=C3)C4=CC=CC=C4
CID:1548972,CC(C)N1C2=CC=CC=C2C(=C1C=CC(CC(CC(=O)O)O)O)C3=CC=C(C=C3)F
CID:1549008,CC(C)(C)C#CC=CCN(C)CC1=CC=CC2=CC=CC=C21
CID:2733526,CCC(=C(C1=CC=CC=C1)C2=CC=C(C=C2)OCCN(C)C)C3=CC=CC=C3
CID:3000715,CCCC(C)C1(C(=O)NC(=S)NC1=O)CC
CID:3001055,CNC(=C[N+](=O)[O-])NCCSCC1=CC=C(O1)CN(C)C
CID:3002977,CC1=NN=C(N1C2CC3CCC(C2)N3CCC(C4=CC=CC=C4)NC(=O)C5CCC(CC5)(F)F)C(C)C
CID:3005573,CN(C)CCOC1=CC=C(C=C1)C(=C(CCCl)C2=CC=CC=C2)C3=CC=CC=C3
CID:3032285,CCCC(C)C1(C(=O)NC(=S)NC1=O)CC=C
CID:3033538,CC1=CC=CC=C1N2CCN(CC2)CCC3=NN=C4N3CCCC4
CID:3033621,C1=CC=C(C(=C1)C2=NC(C(=O)N(C3=C2C=C(C=C3)Cl)CCC#N)O)F
CID:3033637,CNC(=C[N+](=O)[O-])NCCSCC1=CSC(=N1)CN(C)C
CID:3033825,CC1CC(=O)NN=C1C2=CC=C(C=C2)NN=C(C#N)C#N
CID:3034010,CCCCCCCCCCCC(CC1C(C(=O)O1)CCCCCC)OC(=O)C(CC(C)C)NC=O
CID:3047758,C1CCC2CN(CC2C1)C(=O)CC(CC3=CC=CC=C3)C(=O)O
CID:3052776,C#CCNC1CCC2=CC=CC=C12
CID:3062316,CC1=C(C(=CC=C1)Cl)NC(=O)C2=CN=C(S2)NC3=CC(=NC(=N3)C)N4CCN(CC4)CCO
CID:3083544,CC(CC1=CC=C(C=C1)OC)NCC(C2=CC(=C(C=C2)O)NC=O)O
CID:3086654,C[N+]1(C2CC(CC1C3C2O3)OC(=O)C(C4=CC=CS4)(C5=CC=CS5)O)C.[Br-]
CID:4369359,C1CN2C(=NN=C2C(F)(F)F)CN1C(=O)CC(CC3=CC(=C(C=C3F)F)F)N
CID:5280360,CCCCCC(C=CC1C(CC(=O)C1CC=CCCCC(=O)O)O)O
CID:5280723,CCCCCC(C=CC1C(CC(=O)C1CCCCCCC(=O)O)O)O
CID:5280954,COC1C(CC2CN3CCC4=C(C3CC2C1C(=O)OC)NC5=C4C=CC(=C5)OC)OC(=O)C=CC6=CC(=C(C(=C6)OC)OC)OC
CID:5280961,C1=CC(=CC=C1C2=COC3=CC(=CC(=C3C2=O)O)O)O
CID:5280962,CC1(C2CC3C(C(=O)C(=C(N)O)C(=O)C3(C(=O)C2=C(C4=C1C=CC=C4O)O)O)N(C)C)O
CID:5281004,CCCC1OC2CC3C4CCC5=CC(=O)C=CC5(C4C(CC3(C2(O1)C(=O)CO)C)O)C
CID:5281040,CC(C)(C1=CC=CC=C1CCC(C2=CC=CC(=C2)C=CC3=NC4=C(C=CC(=C4)Cl)C=C3)SCC5(CC5)CC(=O)O)O
CID:5281042,C[N+]1(CCC2=CC(=C(C=C2C1CC3=CC(=C(C(=C3)OC)OC)OC)OC)OC)CCCOC(=O)CCC=CCCC(=O)OCCC[N+]4(CCC5=CC(=C(C=C5C4CC6=CC(=C(C(=C6)OC)OC)OC)OC)OC)C
CID:5281071,CN(C)CCC=C1C2=CC=CC=C2COC3=C1C=C(C=C3)CC(=O)O
CID:5281078,CC1=C2COC(=O)C2=C(C(=C1OC)CC=C(C)CCC(=O)OCCN3CCOCC3)O
CID:5281081,CCN(CC)C(=O)C(=CC1=CC(=C(C(=C1)O)O)[N+](=O)[O-])C#N
CID:5281104,CC(C=CC(C)C(C)(C)O)C1CCC2C1(CCCC2=CC=C3CC(CC(C3)O)O)C
CID:5281106,CC1=CN=C(S1)NC(=C2C(=O)C3=CC=CC=C3S(=O)(=O)N2C)O
CID:5282054,CC=CCC=CCCC(=O)C1C(O1)C(=O)N
CID:5282226,CC(C)OC(=O)CCCC=CCC1C(CC(C1C=CC(COC2=CC=CC(=C2)C(F)(F)F)O)O)O
CID:5282381,CCCCC(C)(CC=CC1C(CC(=O)C1CCCCCCC(=O)OC)O)O
CID:5282411,CCCCCC(C=CC1C(CC2C1CC(=CCCCC(=O)O)O2)O)O
CID:5282415,CCCCCC(C=CC1C(CC(C1CC=CCCCC(=O)O)O)O)O.C(C(CO)(CO)N)O
CID:5282443,CC1=CC=C(C=C1)C(=CCN2CCCC2)C3=CC=CC=N3
CID:5284537,CC(=O)C1(CCC2C1(CCC3C2C=C(C4=CC(=O)C5CC5C34C)Cl)C)O
CID:5284592,CCCCCCC(C)(C)C1=CC(=C2C3CC(=O)CCC3C(OC2=C1)(C)C)O
CID:5284596,C=CCN1CCC23C4C(=O)CCC2(C1CC5=C3C(=C(C=C5)O)O4)O
CID:5284604,CN1CCC23C4C(=O)CCC2(C1CC5=C3C(=C(C=C5)O)O4)O
CID:5284627,CC1(OC2COC3(C(C2O1)OC(O3)(C)C)COS(=O)(=O)N)C
CID:5288826,CN1CCC23C4C1CC5=C2C(=C(C=C5)O)OC3C(C=C4)O
CID:5310966,C1C2CNCC1C3=CC4=NC=CN=C4C=C23
CID:5311027,CCNC(=O)CCCC=CCC1C(CC(C1C=CC(CCC2=CC=CC=C2)O)O)O
CID:5311066,CC1(OC2CC3C4CCC5=CC(=O)C=CC5(C4C(CC3(C2(O1)C(=O)CO)C)O)C)C
CID:5311067,CC1CC2C3CCC4=CC(=O)C=CC4(C3(C(CC2(C1C(=O)CO)C)O)F)C
CID:5311447,CCOC(=O)C(CCC1=CC=CC=C1)NC(C)C(=O)N2CC3(CC2C(=O)O)SCCS3
CID:5311507,C1CN(CCN1CCC=C2C3=CC=CC=C3SC4=C2C=C(C=C4)Cl)CCO
CID:5312154,CN1C(=C(NC2=CC=CC=N2)O)C(=O)C3=C(S1(=O)=O)C=CS3
CID:5324346,COCCCCC(=NOCCN)C1=CC=C(C=C1)C(F)(F)F
CID:5329102,CCN(CC)CCNC(=O)C1=C(NC(=C1C)C=C2C3=C(C=CC(=C3)F)NC2=O)C
CID:5359268,[Al]
CID:5359371,C=CCN1CCC23CCCCC2C1CC4=C3C=C(C=C4)O
CID:5359476,C1=CC=NC(=C1)NS(=O)(=O)C2=CC=C(C=C2)NN=C3C=CC(=O)C(=C3)C(=O)O
CID:5360373,CC1=C(N=C(N=C1N)C(CC(=O)N)NCC(C(=O)N)N)C(=O)NC(C(C2=CN=CN2)OC3C(C(C(C(O3)CO)O)O)OC4C(C(C(C(O4)CO)O)OC(=O)N)O)C(=O)NC(C)C(C(C)C(=O)NC(C(C)O)C(=O)NCCC5=NC(=CS5)C6=NC(=CS6)C(=O)NCCC[S+](C)C)O
CID:5360515,C1CC1CN2CCC34C5C(=O)CCC3(C2CC6=C4C(=C(C=C6)O)O5)O
CID:5361323,C1=CC(=CC=C1C(=C2C=C(C=CC2=O)F)NCCCC(=O)N)Cl
CID:5361463,C1=CC(=C(C=C1Cl)Cl)CON=C(CN2C=CN=C2)C3=C(C=C(C=C3)Cl)Cl
CID:5362119,C1CC(N(C1)C(=O)C(CCCCN)NC(CCC2=CC=CC=C2)C(=O)O)C(=O)O
CID:5362124,CCOC(=O)C(CCC1=CC=CC=C1)NC2CCC3=CC=CC=C3N(C2=O)CC(=O)O
CID:5362129,CCOC(=O)C(CCC1=CC=CC=C1)NC(C)C(=O)N2C3CCCC3CC2C(=O)O
CID:5362391,C1=CC(=CC(=C1)C(F)(F)F)C(=NOCCCCC(=O)O)C2=CN=CC=C2
CID:5381226,CC1C=CC=C(C(=O)NC2=C(C3=C(C4=C(C(=C3O)C)OC(C4=O)(OC=CC(C(C(C(C(C(C1O)C)O)C)OC(=O)C)C)OC)C)C(=O)C2=CNN5CCN(CC5)C)O)C
CID:5462340,CC(C)(C)S(=O)(=O)CC(CC1=CC=CC=C1)C(=O)NC(CC2=CN=CN2)C(=O)NC(CC3CCCCC3)C(C(C4CC4)O)O
CID:5484727,CCOC(=O)C(CCC1=CC=CC=C1)NC(C)C(=O)N2C3CCCCC3CC2C(=O)O
CID:5488548,CC1CN(CCC1(C)C2=CC(=CC=C2)O)CC(CC3=CC=CC=C3)C(=O)NCC(=O)O
CID:5493444,CC(C)C(CC1=CC(=C(C=C1)OC)OCCCOC)CC(C(CC(C(C)C)C(=O)NCC(C)(C)C(=O)N)O)N
CID:5702063,C1=CC(=C(C(=C1)Cl)C=NN=C(N)N)Cl
CID:5702160,C1=C(N=C(S1)N=C(N)N)CSCCC(=NS(=O)(=O)N)N
CID:6003770,C1=CC(=C(C=C1NN=C2C=CC(=O)C(=C2)C(=O)O)C(=O)O)O
CID:6178111,CC(C)N=C(N)N=C(N)NC1=CC=C(C=C1)Cl
CID:6323490,CC1C=CC=C(C(=O)NC2=C3C(=NC4(N3)CCN(CC4)CC(C)C)C5=C(C2=O)C(=C(C6=C5C(=O)C(O6)(OC=CC(C(C(C(C(C(C1O)C)O)C)OC(=O)C)C)OC)C)C)O)C
CID:6420006,CC1(C(=O)N2C(C(=O)N3CCCC3C2(O1)O)CC4=CC=CC=C4)NC(=O)C5CC6C(CC7=CNC8=CC=CC6=C78)N(C5)C.CS(=O)(=O)O
CID:6436135,CCC(CC)(CC(=O)NC1=CC=CC(=C1)C=CC2=NC(=CS2)C3CCC3)C(=O)O
CID:6436173,CC1C=CC=C(C(=O)NC2=C(C3=C(C4=C(C(=C3O)C)OC(C4=O)(OC=CC(C(C(C(C(C(C1O)C)O)C)OC(=O)C)C)OC)C)C5=C2N6C=CC(=CC6=N5)C)O)C
CID:6442177,CC1CCC2CC(C(=CC=CC=CC(CC(C(=O)C(C(C(=CC(C(=O)CC(OC(=O)C3CCCCN3C(=O)C(=O)C1(O2)O)C(C)CC4CCC(C(C4)OC)OCCO)C)C)O)OC)C)C)C)OC
CID:6443959,CC#CCC(C)C(C=CC1C(CC2C1CC(=CCCCC(=O)OCC(=O)C3=CC=CC=C3)C2)O)O
CID:6540478,CCC12CCC3C(C1CCC2(C#C)OC(=O)C)CCC4=CC(=NO)CCC34
CID:6915944,C=CC1=C(N2C(C(C2=O)NC(=O)C(=NO)C3=CSC(=N3)N)SC1)C(=O)O
CID:6918523,CCCC1=NN(C2=C1NC(=NC2=O)C3=C(C=CC(=C3)S(=O)(=O)NCCC4CCCN4C)OCCC)C
CID:16682734,C1=CC=C2C(=C1)C(=O)O[Bi]O2.O
sm_543,C1=CC(=C(C=C1CCN)O)OCC1CCO
sm_553,C1=CC(=C(C=C1CCN)O)OCC1CCOOO
sm_558,C1=CC(=C(C=C1CCN)O)OCC1CCOO
sm_559,C1=CC(=C(C=C1CCN)O)OCC1CCOOC
